index,x,y,t_seconds,stroke
0,414,226,10.224383115768433,1
1,413,226,10.256401538848877,1
2,411,227,10.272316694259644,1
3,409,228,10.288543224334717,1
4,408,229,10.304635524749756,1
5,405,231,10.320861101150513,1
6,400,235,10.337079286575317,1
7,393,239,10.352944612503052,1
8,386,246,10.368725538253784,1
9,381,253,10.384623050689697,1
10,377,263,10.400553226470947,1
11,375,274,10.41657018661499,1
12,376,288,10.432397365570068,1
13,378,302,10.448519945144653,1
14,385,319,10.464165449142456,1
15,398,337,10.479799270629883,1
16,424,360,10.495595455169678,1
17,448,373,10.511228799819946,1
18,474,379,10.526970863342285,1
19,501,381,10.542791366577148,1
20,526,381,10.558934688568115,1
21,547,377,10.574785470962524,1
22,560,371,10.590550899505615,1
23,570,359,10.606678485870361,1
24,576,344,10.622851371765137,1
25,580,330,10.639015197753906,1
26,581,317,10.65489411354065,1
27,581,303,10.670646667480469,1
28,581,297,10.686308145523071,1
29,577,283,10.70223593711853,1
30,571,268,10.718246459960938,1
31,565,253,10.734303951263428,1
32,557,242,10.750413179397583,1
33,547,234,10.766564130783081,1
34,530,223,10.782713651657104,1
35,520,220,10.798773765563965,1
36,517,218,10.814974308013916,1
37,505,214,10.831018924713135,1
38,493,211,10.846830129623413,1
39,480,208,10.86288332939148,1
40,468,207,10.878941297531128,1
41,457,206,10.894883871078491,1
42,445,206,10.910714864730835,1
43,435,206,10.926831722259521,1
44,424,208,10.942926406860352,1
45,416,212,10.958699703216553,1
46,409,215,10.974879026412964,1
47,403,221,10.990630865097046,1
48,398,229,11.006858348846436,1
49,395,234,11.023061990737915,1
50,389,247,11.039269924163818,1
51,389,263,11.05545687675476,1
52,395,281,11.07158350944519,1
53,405,301,11.087677478790283,1
54,423,319,11.103920936584473,1
55,446,336,11.11989688873291,1
56,468,342,11.135854959487915,1
57,495,346,11.151993751525879,1
58,517,347,11.16807222366333,1
59,526,343,11.183854579925537,1
60,529,340,11.199782371520996,1
61,536,329,11.215934991836548,1
62,539,324,11.232064008712769,1
63,541,307,11.247985363006592,1
64,543,290,11.263889789581299,1
65,544,271,11.279925107955933,1
66,544,258,11.295931816101074,1
67,541,244,11.311858654022217,1
68,537,232,11.327831983566284,1
69,528,220,11.343888521194458,1
70,519,214,11.359821796417236,1
71,509,207,11.375813484191895,1
72,497,200,11.391903162002563,1
73,483,194,11.407678604125977,1
74,470,190,11.42353630065918,1
75,459,188,11.43934440612793,1
76,445,185,11.45522689819336,1
77,428,184,11.471390008926392,1
78,410,184,11.487422704696655,1
79,393,186,11.503389120101929,1
80,386,187,11.51944613456726,1
81,379,189,11.53534460067749,1
82,371,194,11.551501035690308,1
83,362,202,11.567424774169922,1
84,357,209,11.583454132080078,1
85,352,223,11.599433898925781,1
86,350,244,11.615470886230469,1
87,355,266,11.631311178207397,1
88,364,303,11.647454738616943,1
89,377,324,11.663236618041992,1
90,391,338,11.679006099700928,1
91,406,345,11.694894790649414,1
92,424,348,11.710925817489624,1
93,446,349,11.727083683013916,1
94,465,349,11.742887496948242,1
95,486,347,11.758944511413574,1
96,494,345,11.774720668792725,1
97,511,341,11.790790557861328,1
98,526,332,11.80681324005127,1
99,540,317,11.822877168655396,1
100,548,302,11.839011907577515,1
101,554,288,11.854937076568604,1
102,557,278,11.87091612815857,1
103,559,269,11.886762619018555,1
104,560,262,11.902846097946167,1
105,561,255,11.918862581253052,1
106,561,249,11.934917449951172,1
107,561,247,11.951117038726807,1
108,561,241,11.966872930526733,1
109,560,237,11.982950448989868,1
110,558,233,11.999097347259521,1
111,554,228,12.015168905258179,1
112,549,224,12.030993700027466,1
113,544,220,12.047181367874146,1
114,350,242,12.310790300369263,2
115,343,252,12.33293342590332,2
116,343,265,12.348726272583008,2
117,347,288,12.364502668380737,2
118,354,301,12.380342721939087,2
119,367,317,12.39646863937378,2
120,386,339,12.411943912506104,2
121,419,362,12.42767596244812,2
122,471,385,12.443337440490723,2
123,531,403,12.459051132202148,2
124,580,411,12.476721048355103,2
125,635,404,12.506199598312378,2
126,648,390,12.52174162864685,2
127,655,372,12.537395715713501,2
128,663,351,12.553365230560303,2
129,665,331,12.56901741027832,2
130,666,306,12.584751605987549,2
131,662,282,12.600433111190796,2
132,660,270,12.61609411239624,2
133,656,253,12.631813764572144,2
134,645,239,12.647454261779785,2
135,631,227,12.663125038146973,2
136,611,216,12.694414138793945,3
137,603,215,12.710265398025513,3
138,592,212,12.725781917572021,3
139,581,210,12.741436004638672,3
140,556,207,12.757073402404785,3
141,530,203,12.772712469100952,3
142,497,200,12.78835940361023,3
143,469,196,12.804041862487793,3
144,444,194,12.819730281829834,3
145,418,194,12.83551812171936,3
146,387,195,12.851171731948853,3
147,363,198,12.866994619369507,3
148,343,203,12.882516145706177,3
149,337,206,12.89830994606018,3
150,325,212,12.913959980010986,3
151,317,218,12.929805040359497,3
152,327,339,13.055716037750244,4
153,333,343,13.071476459503174,4
154,344,348,13.087193965911865,4
155,366,358,13.102867841720581,4
156,394,366,13.118516206741333,4
157,433,378,13.134149551391602,4
158,500,385,13.149792671203613,4
159,574,385,13.165486574172974,4
160,621,383,13.181144714355469,4
161,640,381,13.197115421295166,4
162,647,373,13.212589263916016,4
163,650,363,13.228265285491943,4
164,650,344,13.243934392929077,4
165,649,325,13.259594917297363,4
166,646,311,13.275226354598999,4
167,642,288,13.290903806686401,4
168,633,271,13.306557416915894,4
169,624,257,13.322230815887451,4
170,613,243,13.337900876998901,4
171,599,233,13.353559255599976,4
172,572,223,13.369197607040405,4
173,554,220,13.38484001159668,4
174,525,215,13.400487422943115,4
175,499,212,13.416147232055664,4
176,467,212,13.431832313537598,4
177,430,215,13.447926044464111,4
178,390,219,13.463608026504517,4
179,364,223,13.47926926612854,4
180,346,230,13.494993686676025,4
181,335,237,13.510756731033325,4
182,328,245,13.526489973068237,4
183,327,251,13.542132139205933,4
184,325,275,13.55778956413269,4
185,326,300,13.573461294174194,4
186,327,312,13.589114904403687,4
187,329,326,13.604772806167603,4
188,331,330,13.620588302612305,4
189,333,333,13.636450052261353,4
190,335,334,13.651930093765259,4
191,337,334,13.667614221572876,4
192,345,335,13.683260679244995,4
193,369,337,13.698969841003418,4
194,406,338,13.714774370193481,4
195,448,335,13.73031997680664,4
196,488,326,13.745981454849243,4
197,506,320,13.761852979660034,4
198,508,319,13.777306318283081,4
199,509,316,13.792993068695068,4
200,510,315,13.808992624282837,4
201,511,309,13.824702501296997,4
202,513,302,13.840357303619385,4
203,514,290,13.855989456176758,4
204,514,274,13.871995687484741,4
205,515,257,13.88762617111206,4
206,515,246,13.903311967849731,4
207,515,243,13.91897463798523,4
208,409,193,15.505435943603516,5
209,404,189,15.521066427230835,5
210,399,188,15.536731243133545,5
211,398,188,15.568228483200073,5
212,397,190,15.583905220031738,5
213,391,202,15.599614143371582,5
214,385,224,15.615274906158447,5
215,378,245,15.630927562713623,5
216,377,253,15.646583557128906,5
217,376,260,15.662254571914673,5
218,377,269,15.677929401397705,5
219,382,281,15.693648338317871,5
220,390,299,15.709594488143921,5
221,402,315,15.725819110870361,5
222,418,328,15.741294622421265,5
223,440,341,15.757057905197144,5
224,461,344,15.772717237472534,5
225,482,343,15.788780450820923,5
226,501,339,15.804429531097412,5
227,534,325,15.820114135742188,5
228,547,315,15.835958480834961,5
229,554,303,15.851455926895142,5
230,555,298,15.867137670516968,5
231,556,284,15.882832527160645,5
232,558,260,15.89848279953003,5
233,556,240,15.914505243301392,5
234,548,204,15.93015456199646,5
235,540,181,15.94590973854065,5
236,528,155,15.96156930923462,5
237,507,133,15.9772469997406,5
238,490,123,15.992883682250977,5
239,483,123,16.008686065673828,5
240,476,123,16.02433180809021,5
241,469,125,16.039968490600586,5
242,451,138,16.05608606338501,5
243,351,289,16.19711709022522,6
244,354,294,16.21281409263611,6
245,362,307,16.22868299484253,6
246,376,330,16.244411945343018,6
247,397,361,16.26007080078125,6
248,432,392,16.275768995285034,6
249,481,425,16.291433095932007,6
250,523,441,16.30718183517456,6
251,558,443,16.322993516921997,6
252,587,442,16.33866238594055,6
253,620,436,16.35434103012085,6
254,651,419,16.370031595230103,6
255,663,405,16.38567066192627,6
256,671,385,16.401404857635498,6
257,675,359,16.417110919952393,6
258,674,326,16.432785272598267,6
259,663,290,16.448444366455078,6
260,646,257,16.464111804962158,6
261,615,215,16.479773998260498,6
262,595,176,16.495563983917236,6
263,566,148,16.511482000350952,6
264,537,128,16.5271418094635,6
265,511,116,16.542825937271118,6
266,481,108,16.55866503715515,6
267,445,103,16.57430362701416,6
268,431,102,16.589958906173706,6
269,407,101,16.605624437332153,6
270,383,101,16.62132453918457,6
271,369,103,16.637047290802002,6
272,354,112,16.65277862548828,6
273,345,126,16.668452739715576,6
274,332,151,16.68410348892212,6
275,327,180,16.699737787246704,6
276,324,211,16.71554207801819,6
277,448,313,16.85681986808777,7
278,455,311,16.87268090248108,7
279,460,309,16.888154983520508,7
280,465,305,16.903818368911743,7
281,467,299,16.91949200630188,7
282,472,287,16.935166358947754,7
283,474,274,16.950841665267944,7
284,480,251,16.966530561447144,7
285,484,229,16.98218321800232,7
286,485,206,16.997868061065674,7
287,484,184,17.0136296749115,7
288,477,166,17.029301404953003,7
289,469,145,17.045141220092773,7
290,460,128,17.060660123825073,7
291,452,121,17.076374769210815,7
292,445,119,17.09212899208069,7
293,443,118,17.108099222183228,7
294,440,119,17.12373661994934,7
295,438,120,17.13945960998535,7
296,430,130,17.155102968215942,7
297,416,152,17.170777797698975,7
298,407,179,17.18645167350769,7
299,403,192,17.20222282409668,7
300,396,215,17.217859983444214,7
301,390,235,17.233802795410156,7
302,389,257,17.24927592277527,7
303,388,281,17.2649507522583,7
304,391,298,17.28060221672058,7
305,400,318,17.296375036239624,7
306,413,335,17.312229871749878,7
307,438,352,17.327685594558716,7
308,482,365,17.343488693237305,7
309,538,369,17.358999729156494,7
310,568,180,17.548073530197144,8
311,557,173,17.563539743423462,8
312,533,166,17.579503059387207,8
313,513,158,17.595181465148926,8
314,498,158,17.6108500957489,8
315,488,159,17.626556158065796,8
316,478,163,17.642204999923706,8
317,461,171,17.657894134521484,8
318,445,178,17.673543453216553,8
319,421,197,17.689210176467896,8
320,401,215,17.704879999160767,8
321,384,230,17.72051239013672,8
322,381,235,17.73625922203064,8
323,374,246,17.7518949508667,8
324,374,261,17.767634868621826,8
325,380,279,17.78328013420105,8
326,384,299,17.79891037940979,8
327,395,321,17.81454038619995,8
328,404,333,17.830171585083008,8
329,433,355,17.845828533172607,8
330,504,374,17.861502170562744,8
331,526,374,17.877169609069824,8
332,557,371,17.892807722091675,8
333,579,365,17.908465147018433,8
334,590,356,17.924200296401978,8
335,493,171,18.096468448638916,9
336,487,171,18.112156629562378,9
337,479,169,18.12822937965393,9
338,464,169,18.143879413604736,9
339,443,169,18.1595299243927,9
340,417,173,18.175243616104126,9
341,396,179,18.190916538238525,9
342,367,186,18.206581354141235,9
343,346,197,18.22221803665161,9
344,331,204,18.23790693283081,9
345,318,215,18.253556966781616,9
346,310,226,18.269217491149902,9
347,307,242,18.284899711608887,9
348,307,261,18.300553798675537,9
349,312,285,18.316468715667725,9
350,324,315,18.332190990447998,9
351,342,350,18.34787082672119,9
352,376,384,18.363517999649048,9
353,413,405,18.379157066345215,9
354,445,413,18.39480710029602,9
355,465,413,18.410481214523315,9
356,483,408,18.426140069961548,9
357,505,401,18.44183349609375,9
358,528,391,18.457526206970215,9
359,539,384,18.47319984436035,9
360,556,371,18.48892593383789,9
361,570,358,18.504572868347168,9
362,576,347,18.520235538482666,9
363,577,329,18.535870790481567,9
364,573,306,18.55159831047058,9
365,562,284,18.567325353622437,9
366,545,259,18.583034992218018,9
367,519,237,18.59868097305298,9
368,492,224,18.61431360244751,9
369,473,221,18.629968881607056,9
370,433,240,18.740307807922363,10
371,432,242,18.760605573654175,10
372,427,251,18.78726625442505,10
373,422,261,18.802908897399902,10
374,419,268,18.818573236465454,10
375,417,282,18.83421778678894,10
376,412,299,18.84986138343811,10
377,410,319,18.86553382873535,10
378,411,334,18.881377935409546,10
379,413,346,18.896859884262085,10
380,418,354,18.912583351135254,10
381,426,362,18.928318977355957,10
382,436,373,18.94417095184326,10
383,458,383,18.95970630645752,10
384,487,390,18.975462675094604,10
385,516,390,18.99110436439514,10
386,541,383,19.006739616394043,10
387,561,374,19.02237892150879,10
388,570,367,19.03801965713501,10
389,573,358,19.053672313690186,10
390,575,345,19.06938123703003,10
391,576,327,19.085238456726074,10
392,574,308,19.100750207901,10
393,572,297,19.116398572921753,10
394,559,260,19.132473468780518,10
395,554,249,19.14813756942749,10
396,541,225,19.163782358169556,10
397,527,209,19.179412841796875,10
398,513,196,19.195109844207764,10
399,500,189,19.21089243888855,10
400,488,186,19.22655987739563,10
401,474,185,19.242501735687256,10
402,462,184,19.25816583633423,10
403,397,264,19.3738534450531,11
404,399,294,19.39922070503235,11
405,403,308,19.415024280548096,11
406,407,322,19.430856466293335,11
407,414,334,19.446496963500977,11
408,419,339,19.46219754219055,11
409,439,350,19.47785210609436,11
410,465,359,19.493494272232056,11
411,507,372,19.509136199951172,11
412,558,378,19.524815320968628,11
413,598,381,19.540497303009033,11
414,626,375,19.55615997314453,11
415,642,366,19.571798086166382,11
416,652,349,19.587446451187134,11
417,655,334,19.60316777229309,11
418,658,313,19.618800163269043,11
419,658,295,19.634494066238403,11
420,656,269,19.650313138961792,11
421,645,245,19.66610050201416,11
422,630,222,19.681739807128906,11
423,606,202,19.697394132614136,11
424,571,179,19.713143348693848,11
425,540,171,19.728859901428223,11
426,513,168,19.744603157043457,11
427,503,167,19.760268688201904,11
428,477,168,19.7760169506073,11
429,390,246,19.870325803756714,12
430,390,248,19.885976791381836,12
431,391,255,19.901906967163086,12
432,393,266,19.917591333389282,12
433,395,277,19.933268070220947,12
434,399,294,19.94890332221985,12
435,410,310,19.964768648147583,12
436,418,323,19.98048686981201,12
437,436,334,19.99618148803711,12
438,457,342,20.011821269989014,12
439,479,345,20.027482986450195,12
440,496,345,20.043134450912476,12
441,509,342,20.058847188949585,12
442,514,338,20.0766019821167,12
443,519,314,20.106768369674683,12
444,520,295,20.12272810935974,12
445,520,287,20.13837194442749,12
446,520,267,20.154049396514893,12
447,520,245,20.16980743408203,12
448,515,226,20.185457468032837,12
449,511,212,20.20112657546997,12
450,504,201,20.216826677322388,12
451,496,193,20.23251748085022,12
452,487,187,20.248209953308105,12
453,479,184,20.26384925842285,12
454,412,274,20.3892023563385,13
455,410,287,20.405202865600586,13
456,410,299,20.420940399169922,13
457,412,314,20.43665623664856,13
458,415,335,20.452373266220093,13
459,418,338,20.46806025505066,13
460,422,343,20.48395609855652,13
461,426,347,20.499794721603394,13
462,438,353,20.515275239944458,13
463,460,359,20.530948162078857,13
464,504,366,20.54694890975952,13
465,555,366,20.562630653381348,13
466,600,357,20.578330516815186,13
467,628,343,20.593971490859985,13
468,634,335,20.60989260673523,13
469,639,321,20.62574076652527,13
470,639,302,20.641194343566895,13
471,631,283,20.656920433044434,13
472,621,260,20.67274498939514,13
473,598,227,20.68820357322693,13
474,573,198,20.703920602798462,13
475,557,182,20.719839334487915,13
476,426,233,20.84551692008972,14
477,424,236,20.861679315567017,14
478,423,241,20.877208948135376,14
479,418,254,20.892931938171387,14
480,416,262,20.908773183822632,14
481,415,271,20.9244863986969,14
482,417,278,20.940272092819214,14
483,423,289,20.955937147140503,14
484,431,307,20.971628189086914,14
485,447,322,20.98732566833496,14
486,460,332,21.00307846069336,14
487,477,340,21.018737316131592,14
488,497,342,21.034452438354492,14
489,516,342,21.050570011138916,14
490,533,340,21.06623363494873,14
491,554,338,21.081901788711548,14
492,565,332,21.09756088256836,14
493,571,321,21.11337637901306,14
494,576,303,21.12901496887207,14
495,581,282,21.144665002822876,14
496,581,252,21.1603581905365,14
497,573,231,21.176039934158325,14
498,560,205,21.191675662994385,14
499,553,198,21.207376956939697,14
500,535,181,21.223053455352783,14
501,441,191,21.332767486572266,15
502,440,193,21.348530292510986,15
503,434,209,21.3642156124115,15
504,430,224,21.379908800125122,15
505,425,241,21.395912408828735,15
506,425,257,21.411556720733643,15
507,425,273,21.427225351333618,15
508,425,293,21.44289517402649,15
509,425,305,21.458531379699707,15
510,426,315,21.474286556243896,15
511,427,319,21.489940404891968,15
512,428,322,21.52122211456299,15
513,435,325,21.53696846961975,15
514,451,329,21.552611827850342,15
515,470,330,21.568694591522217,15
516,488,327,21.584553003311157,15
517,505,318,21.600099563598633,15
518,521,308,21.615745306015015,15
519,533,292,21.63138699531555,15
520,537,279,21.64708971977234,15
521,538,268,21.662761926651,15
522,537,254,21.678407907485962,15
523,534,238,21.694109201431274,15
524,528,219,21.709794282913208,15
525,520,203,21.725440979003906,15
526,509,191,21.741307258605957,15
527,497,181,21.756824254989624,15
528,487,174,21.77265429496765,15
529,478,173,21.78816032409668,15
530,468,171,21.803804397583008,15
531,455,171,21.81961464881897,15
532,436,174,21.83535933494568,15
533,425,176,21.851022243499756,15
534,408,182,21.86673665046692,15
535,396,190,21.88240647315979,15
536,356,316,21.976486682891846,16
537,358,319,21.992396354675293,16
538,362,326,22.007864952087402,16
539,373,342,22.02359676361084,16
540,390,362,22.039228439331055,16
541,409,380,22.05513310432434,16
542,428,389,22.0705623626709,16
543,442,391,22.08622670173645,16
544,458,388,22.10189938545227,16
545,480,379,22.117547512054443,16
546,511,371,22.138652324676514,16
547,548,363,22.16456937789917,16
548,570,355,22.180314302444458,16
549,582,345,22.19603133201599,16
550,584,338,22.211944341659546,16
551,585,326,22.227372407913208,16
552,583,309,22.243067026138306,16
553,576,288,22.258702993392944,16
554,556,259,22.27442169189453,16
555,535,232,22.290114164352417,16
556,516,213,22.305793046951294,16
557,504,203,22.321422576904297,16
558,488,199,22.3370623588562,16
559,475,197,22.3527090549469,16
560,463,196,22.368366718292236,16
561,449,196,22.384004831314087,16
562,436,197,22.399672508239746,16
563,420,201,22.41533851623535,16
564,401,208,22.43111276626587,16
565,383,216,22.446799993515015,16
566,378,319,22.56428337097168,17
567,399,342,22.588539600372314,17
568,414,359,22.604199171066284,17
569,430,374,22.619941234588623,17
570,447,380,22.635602712631226,17
571,455,380,22.651246786117554,17
572,465,374,22.66692543029785,17
573,476,364,22.682573795318604,17
574,490,349,22.698223114013672,17
575,506,331,22.713909149169922,17
576,524,305,22.72967839241028,17
577,544,271,22.74553155899048,17
578,554,246,22.761341333389282,17
579,557,224,22.776982069015503,17
580,557,203,22.792643070220947,17
581,555,182,22.808333158493042,17
582,551,173,22.824214935302734,17
583,541,154,22.83996033668518,17
584,531,142,22.855745792388916,17
585,523,138,22.87141728401184,17
586,515,137,22.8871431350708,17
587,506,137,22.902783155441284,17
588,487,144,22.918421030044556,17
589,336,325,23.07553195953369,18
590,359,343,23.091272592544556,18
591,384,357,23.107003927230835,18
592,405,361,23.122739553451538,18
593,415,361,23.13838481903076,18
594,440,361,23.154019117355347,18
595,463,362,23.1697359085083,18
596,485,359,23.185426950454712,18
597,509,349,23.201125144958496,18
598,526,342,23.21679925918579,18
599,537,332,23.232537508010864,18
600,539,324,23.248188734054565,18
601,540,314,23.263827562332153,18
602,541,305,23.279475450515747,18
603,540,293,23.295185327529907,18
604,538,284,23.31083655357361,18
605,531,273,23.326475381851196,18
606,524,264,23.34213924407959,18
607,512,252,23.35784912109375,18
608,500,244,23.373650312423706,18
609,365,289,23.5307879447937,19
610,366,312,23.546462774276733,19
611,370,341,23.562172174453735,19
612,382,367,23.577821731567383,19
613,392,390,23.59356927871704,19
614,409,410,23.60925030708313,19
615,432,429,23.624919176101685,19
616,458,441,23.640676021575928,19
617,482,449,23.656380891799927,19
618,509,448,23.67206573486328,19
619,532,437,23.68789291381836,19
620,562,407,23.703537940979004,19
621,604,359,23.71924352645874,19
622,630,320,23.73494029045105,19
623,639,296,23.750617027282715,19
624,646,268,23.766465663909912,19
625,644,243,23.781944513320923,19
626,636,222,23.797697067260742,19
627,631,210,23.81343722343445,19
628,617,185,23.829142332077026,19
629,595,164,23.844833612442017,19
630,576,149,23.860486030578613,19
631,554,139,23.876192808151245,19
632,527,133,23.89184260368347,19
633,365,287,24.017345190048218,20
634,361,306,24.03315305709839,20
635,366,329,24.048641204833984,20
636,378,348,24.06430172920227,20
637,387,369,24.07993483543396,20
638,397,381,24.095564365386963,20
639,409,388,24.111440181732178,20
640,415,391,24.127106428146362,20
641,438,401,24.142745971679688,20
642,468,407,24.15839147567749,20
643,496,406,24.17403745651245,20
644,526,393,24.189704179763794,20
645,550,376,24.205339193344116,20
646,570,354,24.221431732177734,20
647,579,330,24.237069845199585,20
648,582,313,24.252741813659668,20
649,580,294,24.268418312072754,20
650,571,271,24.284125089645386,20
651,560,251,24.299908876419067,20
652,550,232,24.315665006637573,20
653,539,219,24.33129906654358,20
654,527,209,24.34719181060791,20
655,510,204,24.362728118896484,20
656,365,305,24.503761768341064,21
657,365,318,24.519402503967285,21
658,367,334,24.53504467010498,21
659,378,353,24.550687074661255,21
660,385,371,24.56646227836609,21
661,391,377,24.582101106643677,21
662,400,382,24.59778070449829,21
663,416,386,24.613506317138672,21
664,442,390,24.629629611968994,21
665,467,396,24.645318508148193,21
666,500,389,24.661325216293335,21
667,521,383,24.676958560943604,21
668,546,371,24.69301176071167,21
669,556,360,24.708590269088745,21
670,564,346,24.724055767059326,21
671,564,332,24.7398202419281,21
672,562,313,24.75578737258911,21
673,557,290,24.77157711982727,21
674,548,268,24.787330150604248,21
675,542,250,24.80314803123474,21
676,385,258,24.959787368774414,22
677,379,274,24.97544002532959,22
678,375,293,24.991117238998413,22
679,369,322,25.006767988204956,22
680,368,346,25.022518396377563,22
681,368,370,25.03831720352173,22
682,372,390,25.053984880447388,22
683,380,400,25.06999683380127,22
684,387,409,25.085649728775024,22
685,394,419,25.101397037506104,22
686,412,424,25.117136240005493,22
687,437,424,25.13280177116394,22
688,464,417,25.14854669570923,22
689,492,400,25.16430687904358,22
690,508,391,25.180073738098145,22
691,540,363,25.195780277252197,22
692,565,336,25.211458921432495,22
693,574,314,25.22727394104004,22
694,582,292,25.24292755126953,22
695,583,276,25.258641958236694,22
696,583,253,25.274303913116455,22
697,577,234,25.290078163146973,22
698,570,216,25.305742263793945,22
699,559,202,25.32141661643982,22
700,378,224,25.478662967681885,23
701,373,233,25.49432110786438,23
702,365,248,25.509993076324463,23
703,360,269,25.525712966918945,23
704,359,295,25.541362762451172,23
705,359,327,25.557013988494873,23
706,370,353,25.572688341140747,23
707,381,372,25.588411331176758,23
708,392,386,25.60407590866089,23
709,401,391,25.619718074798584,23
710,416,391,25.635356426239014,23
711,440,388,25.651034832000732,23
712,468,380,25.666724920272827,23
713,492,370,25.682575464248657,23
714,516,357,25.69803285598755,23
715,529,345,25.71371626853943,23
716,542,325,25.729432821273804,23
717,549,304,25.745160579681396,23
718,549,282,25.760838270187378,23
719,550,262,25.776484489440918,23
720,548,253,25.79219651222229,23
721,539,231,25.80787181854248,23
722,533,212,25.8235924243927,23
723,521,198,25.839714288711548,23
724,508,187,25.855483293533325,23
725,490,181,25.871431350708008,23
726,396,251,25.981149196624756,24
727,396,282,25.998051404953003,24
728,402,337,26.028400897979736,24
729,405,368,26.04408311843872,24
730,412,395,26.059834003448486,24
731,427,410,26.075573921203613,24
732,437,418,26.09123921394348,24
733,442,421,26.106897115707397,24
734,455,423,26.122607469558716,24
735,477,423,26.138344049453735,24
736,496,422,26.153982877731323,24
737,529,412,26.169636011123657,24
738,572,394,26.1853084564209,24
739,604,379,26.201018571853638,24
740,627,366,26.21672010421753,24
741,635,357,26.232397079467773,24
742,637,351,26.24807834625244,24
743,637,342,26.26371479034424,24
744,631,322,26.279390335083008,24
745,619,304,26.295047521591187,24
746,603,285,26.310693502426147,24
747,584,266,26.32636857032776,24
748,560,248,26.34203863143921,24
749,402,243,26.45419478416443,25
750,395,260,26.483455657958984,25
751,391,270,26.499107122421265,25
752,382,290,26.514776945114136,25
753,380,306,26.53041362762451,25
754,381,326,26.546074628829956,25
755,385,350,26.56175708770752,25
756,393,365,26.577624559402466,25
757,398,373,26.59328842163086,25
758,403,376,26.60893201828003,25
759,413,377,26.62458038330078,25
760,432,376,26.640244722366333,25
761,467,366,26.65598225593567,25
762,514,351,26.67162775993347,25
763,569,324,26.68730068206787,25
764,609,301,26.703006744384766,25
765,626,284,26.718672037124634,25
766,629,271,26.734387159347534,25
767,629,255,26.75015091896057,25
768,626,236,26.765876531600952,25
769,617,213,26.78155279159546,25
770,612,203,26.797181606292725,25
771,600,184,26.81282615661621,25
772,584,166,26.82865858078003,25
773,333,258,26.969661235809326,26
774,334,273,26.985373497009277,26
775,337,305,27.001035690307617,26
776,342,339,27.01666831970215,26
777,349,364,27.032358407974243,26
778,371,404,27.04805016517639,26
779,393,435,27.06369376182556,26
780,415,452,27.079405546188354,26
781,426,456,27.09503698348999,26
782,442,459,27.110725164413452,26
783,465,454,27.126424312591553,26
784,497,439,27.142098665237427,26
785,540,413,27.157794952392578,26
786,584,390,27.173437356948853,26
787,606,380,27.189165830612183,26
788,617,369,27.20482301712036,26
789,620,357,27.220517873764038,26
790,621,342,27.236161708831787,26
791,618,321,27.251810789108276,26
792,610,301,27.267531394958496,26
793,600,283,27.283172845840454,26
794,392,275,27.45603585243225,27
795,388,284,27.471785068511963,27
796,381,307,27.487443208694458,27
797,379,333,27.50310707092285,27
798,379,355,27.518851041793823,27
799,379,374,27.534539937973022,27
800,381,391,27.55019187927246,27
801,384,409,27.565834999084473,27
802,392,423,27.58157253265381,27
803,400,433,27.59724736213684,27
804,411,439,27.6129412651062,27
805,433,442,27.628589868545532,27
806,462,441,27.64428162574768,27
807,490,435,27.659955501556396,27
808,515,425,27.67563533782959,27
809,542,403,27.691298961639404,27
810,566,374,27.706946849822998,27
811,572,352,27.72259521484375,27
812,576,331,27.738312244415283,27
813,576,320,27.75394606590271,27
814,564,295,27.769643545150757,27
815,553,271,27.785319805145264,27
816,543,248,27.800952196121216,27
817,529,232,27.816620588302612,27
818,451,222,27.910922050476074,28
819,450,224,27.926586151123047,28
820,442,231,27.942278146743774,28
821,436,241,27.957928895950317,28
822,430,255,27.97360634803772,28
823,428,267,27.989248037338257,28
824,427,296,28.005002737045288,28
825,429,325,28.020713567733765,28
826,431,348,28.03659200668335,28
827,434,359,28.052234172821045,28
828,440,374,28.068013668060303,28
829,446,381,28.083696603775024,28
830,451,384,28.099334001541138,28
831,461,387,28.114975214004517,28
832,475,388,28.13060998916626,28
833,493,388,28.146284103393555,28
834,518,380,28.162004232406616,28
835,543,364,28.177661895751953,28
836,567,342,28.193352222442627,28
837,584,315,28.209155559539795,28
838,592,295,28.224804639816284,28
839,594,276,28.24052333831787,28
840,595,256,28.256170988082886,28
841,591,238,28.27183175086975,28
842,580,221,28.287492275238037,28
843,458,212,28.412781953811646,29
844,454,217,28.42842984199524,29
845,446,231,28.444095134735107,29
846,443,249,28.459728002548218,29
847,442,268,28.475778341293335,29
848,441,296,28.49147868156433,29
849,442,323,28.507137060165405,29
850,445,348,28.523000955581665,29
851,450,364,28.538552045822144,29
852,456,373,28.55421018600464,29
853,459,376,28.56991934776306,29
854,463,378,28.585606813430786,29
855,473,380,28.601303339004517,29
856,492,380,28.617125034332275,29
857,517,378,28.63285207748413,29
858,545,370,28.648512840270996,29
859,568,354,28.664153814315796,29
860,585,339,28.679856300354004,29
861,594,326,28.69554591178894,29
862,596,319,28.711183547973633,29
863,596,305,28.726861715316772,29
864,592,288,28.742507934570312,29
865,585,270,28.75817847251892,29
866,572,250,28.773855924606323,29
867,557,236,28.789501428604126,29
868,399,249,28.900858879089355,30
869,388,268,28.93088698387146,30
870,381,285,28.946531295776367,30
871,380,302,28.962214469909668,30
872,381,325,28.978107690811157,30
873,389,357,28.993802309036255,30
874,396,371,29.009437799453735,30
875,400,380,29.025081634521484,30
876,411,393,29.04078245162964,30
877,422,399,29.056464433670044,30
878,438,402,29.072155237197876,30
879,460,401,29.08781361579895,30
880,485,396,29.103479623794556,30
881,523,381,29.119117259979248,30
882,550,361,29.13476586341858,30
883,565,345,29.150429248809814,30
884,574,329,29.166128635406494,30
885,575,315,29.181816339492798,30
886,575,297,29.197473526000977,30
887,572,279,29.213311672210693,30
888,406,222,29.401453256607056,31
889,397,235,29.417163133621216,31
890,390,253,29.43285632133484,31
891,389,272,29.448995113372803,31
892,397,287,29.464697122573853,31
893,408,304,29.480398178100586,31
894,422,321,29.496054887771606,31
895,434,338,29.511704444885254,31
896,443,354,29.52733850479126,31
897,456,369,29.543026447296143,31
898,473,376,29.55866575241089,31
899,494,379,29.574531316757202,31
900,520,381,29.589982748031616,31
901,539,374,29.60567045211792,31
902,556,360,29.62130379676819,31
903,564,350,29.637320518493652,31
904,572,338,29.653115272521973,31
905,576,322,29.668761730194092,31
906,576,308,29.684484720230103,31
907,575,300,29.70015549659729,31
908,414,265,29.872589588165283,32
909,405,277,29.888254404067993,32
910,397,294,29.903918027877808,32
911,391,314,29.920008182525635,32
912,386,334,29.935662984848022,32
913,386,349,29.951313972473145,32
914,386,361,29.966956615447998,32
915,387,370,29.982596397399902,32
916,390,378,29.998368501663208,32
917,394,383,30.014035940170288,32
918,401,389,30.029670000076294,32
919,415,396,30.045694589614868,32
920,439,400,30.061378479003906,32
921,465,398,30.077022790908813,32
922,493,389,30.092742204666138,32
923,522,376,30.108434677124023,32
924,537,362,30.12411379814148,32
925,551,347,30.139822483062744,32
926,564,327,30.155487298965454,32
927,571,309,30.17112898826599,32
928,576,286,30.186795473098755,32
929,577,266,30.202473878860474,32
930,395,168,30.343584775924683,33
931,387,178,30.35921573638916,33
932,380,191,30.37487554550171,33
933,373,220,30.390658855438232,33
934,370,262,30.406388998031616,33
935,374,312,30.42210054397583,33
936,384,365,30.437747716903687,33
937,404,402,30.45343565940857,33
938,419,426,30.469123363494873,33
939,438,443,30.484842777252197,33
940,463,457,30.50049662590027,33
941,487,461,30.51631236076355,33
942,512,459,30.531865119934082,33
943,543,451,30.54757070541382,33
944,581,438,30.56320548057556,33
945,612,423,30.578928232192993,33
946,632,406,30.594638109207153,33
947,642,390,30.61027693748474,33
948,645,371,30.62595009803772,33
949,645,358,30.641652584075928,33
950,640,332,30.657285928726196,33
951,622,293,30.672999620437622,33
952,340,180,30.817014932632446,34
953,332,198,30.84579586982727,34
954,324,224,30.861790657043457,34
955,317,248,30.877451181411743,34
956,315,266,30.89310312271118,34
957,319,290,30.90879988670349,34
958,327,306,30.92448401451111,34
959,339,322,30.9401752948761,34
960,355,336,30.958276987075806,34
961,397,351,30.987528324127197,34
962,408,351,31.00330090522766,34
963,448,344,31.01904797554016,34
964,489,327,31.03476881980896,34
965,517,305,31.050450325012207,34
966,535,286,31.06612277030945,34
967,548,263,31.081809520721436,34
968,560,234,31.097466468811035,34
969,562,215,31.1131329536438,34
970,563,198,31.128785371780396,34
971,560,180,31.144464254379272,34
972,343,120,31.27698278427124,35
973,334,152,31.301452159881592,35
974,334,163,31.31712293624878,35
975,336,191,31.332855939865112,35
976,341,240,31.348695278167725,35
977,351,288,31.364211320877075,35
978,371,346,31.37986731529236,35
979,385,369,31.395597457885742,35
980,409,388,31.411264419555664,35
981,427,394,31.426915168762207,35
982,442,397,31.442582368850708,35
983,459,395,31.458232641220093,35
984,486,382,31.47387456893921,35
985,509,369,31.489559650421143,35
986,531,353,31.5052227973938,35
987,545,338,31.52085852622986,35
988,550,323,31.53655505180359,35
989,550,307,31.552218675613403,35
990,543,283,31.567925930023193,35
991,524,257,31.583583116531372,35
992,486,225,31.599223852157593,35
993,265,187,31.709261417388916,36
994,265,191,31.72473907470703,36
995,264,207,31.74040675163269,36
996,264,227,31.756211042404175,36
997,269,253,31.771992683410645,36
998,281,282,31.78766131401062,36
999,300,312,31.803666353225708,36
1000,323,337,31.819447994232178,36
1001,347,355,31.835081100463867,36
1002,373,362,31.850831270217896,36
1003,405,363,31.86646795272827,36
1004,434,360,31.882334232330322,36
1005,470,349,31.89779019355774,36
1006,499,329,31.91345977783203,36
1007,521,311,31.92914605140686,36
1008,534,288,31.944966554641724,36
1009,548,259,31.96074342727661,36
1010,555,228,31.976384162902832,36
1011,555,217,31.992319107055664,36
1012,553,194,32.007994651794434,36
1013,542,175,32.02372765541077,36
1014,500,146,32.03936529159546,36
1015,238,188,32.16576957702637,37
1016,238,204,32.18195366859436,37
1017,248,235,32.19786047935486,37
1018,267,285,32.21385478973389,37
1019,293,335,32.22997426986694,37
1020,319,366,32.24611258506775,37
1021,351,391,32.2620325088501,37
1022,388,406,32.27790188789368,37
1023,426,416,32.29377841949463,37
1024,465,417,32.30985879898071,37
1025,508,407,32.32578253746033,37
1026,540,393,32.341755390167236,37
1027,554,380,32.357823848724365,37
1028,559,361,32.37381982803345,37
1029,561,338,32.38998746871948,37
1030,561,312,32.40575122833252,37
1031,552,287,32.42156195640564,37
1032,537,259,32.43733286857605,37
1033,515,233,32.4532835483551,37
1034,463,198,32.46932506561279,37
1035,180,235,32.61175894737244,38
1036,200,283,32.627562284469604,38
1037,230,336,32.64332413673401,38
1038,263,368,32.65911650657654,38
1039,292,392,32.6749062538147,38
1040,314,399,32.69070029258728,38
1041,337,400,32.70646286010742,38
1042,356,399,32.722368001937866,38
1043,391,393,32.738445520401,38
1044,422,390,32.75433921813965,38
1045,450,381,32.770455837249756,38
1046,469,372,32.786454916000366,38
1047,483,360,32.80239820480347,38
1048,491,342,32.818354845047,38
1049,494,323,32.83414554595947,38
1050,490,300,32.8501353263855,38
1051,482,279,32.86560797691345,38
1052,463,254,32.88132882118225,38
1053,440,231,32.89700746536255,38
1054,117,253,33.022305727005005,39
1055,124,284,33.03794884681702,39
1056,151,350,33.053595781326294,39
1057,166,376,33.069409132003784,39
1058,196,411,33.08515548706055,39
1059,229,442,33.10082149505615,39
1060,261,460,33.1164915561676,39
1061,298,469,33.13220167160034,39
1062,331,472,33.1478328704834,39
1063,366,466,33.16348123550415,39
1064,405,444,33.17922830581665,39
1065,443,414,33.19495606422424,39
1066,464,388,33.21064805984497,39
1067,474,372,33.22658562660217,39
1068,481,354,33.24203300476074,39
1069,482,340,33.25766897201538,39
1070,480,323,33.27353858947754,39
1071,469,304,33.28906440734863,39
1072,449,281,33.30480909347534,39
1073,415,262,33.32083606719971,39
1074,240,305,33.44778871536255,40
1075,242,316,33.463667154312134,40
1076,244,339,33.47930145263672,40
1077,250,367,33.49503421783447,40
1078,274,400,33.51091480255127,40
1079,295,430,33.52690124511719,40
1080,315,445,33.54253673553467,40
1081,334,452,33.55818009376526,40
1082,353,454,33.574180603027344,40
1083,373,453,33.58985137939453,40
1084,402,443,33.605520486831665,40
1085,427,430,33.62166428565979,40
1086,453,410,33.6377809047699,40
1087,465,393,33.65355443954468,40
1088,470,372,33.6692214012146,40
1089,469,351,33.684874534606934,40
1090,459,325,33.700552463531494,40
1091,429,294,33.71645188331604,40
1092,112,345,33.873130798339844,41
1093,123,369,33.8887996673584,41
1094,144,407,33.90449643135071,41
1095,170,443,33.920127868652344,41
1096,200,470,33.935943365097046,41
1097,234,495,33.95147705078125,41
1098,260,507,33.96712255477905,41
1099,299,508,33.98299026489258,41
1100,335,506,33.99867510795593,41
1101,367,493,34.01434016227722,41
1102,387,477,34.03001022338867,41
1103,395,462,34.04567909240723,41
1104,398,433,34.06137990951538,41
1105,396,411,34.07713508605957,41
1106,386,377,34.092886209487915,41
1107,365,349,34.10859704017639,41
1108,140,389,34.24954438209534,42
1109,140,405,34.26521873474121,42
1110,142,431,34.28099870681763,42
1111,150,453,34.29666996002197,42
1112,161,478,34.31253981590271,42
1113,177,494,34.32839822769165,42
1114,197,505,34.34405303001404,42
1115,223,509,34.35968852043152,42
1116,253,513,34.375406980514526,42
1117,294,509,34.39105296134949,42
1118,340,495,34.406747817993164,42
1119,387,472,34.42243528366089,42
1120,414,453,34.43809223175049,42
1121,433,437,34.45378303527832,42
1122,437,430,34.4695348739624,42
1123,440,419,34.48519778251648,42
1124,439,399,34.500858783721924,42
1125,428,374,34.51653218269348,42
1126,400,340,34.53220343589783,42
1127,115,340,34.65786600112915,43
1128,115,348,34.67396140098572,43
1129,118,364,34.689451932907104,43
1130,121,378,34.70508408546448,43
1131,130,395,34.72074484825134,43
1132,141,411,34.736472845077515,43
1133,160,428,34.752112865448,43
1134,188,449,34.768036127090454,43
1135,233,475,34.78378486633301,43
1136,285,493,34.799455642700195,43
1137,314,496,34.81514263153076,43
1138,356,496,34.83079385757446,43
1139,382,487,34.846437215805054,43
1140,393,477,34.86231017112732,43
1141,401,462,34.87784790992737,43
1142,407,446,34.89349985122681,43
1143,414,421,34.90936350822449,43
1144,420,392,34.925005197525024,43
1145,421,367,34.94049644470215,43
1146,417,344,34.95614147186279,43
1147,400,326,34.97180938720703,43
1148,117,320,35.08141207695007,44
1149,120,330,35.09705877304077,44
1150,130,353,35.11286687850952,44
1151,146,383,35.12835383415222,44
1152,167,413,35.144025802612305,44
1153,192,441,35.15966725349426,44
1154,223,470,35.175344944000244,44
1155,258,491,35.19100499153137,44
1156,311,504,35.20663499832153,44
1157,354,507,35.22234034538269,44
1158,397,501,35.23806405067444,44
1159,422,491,35.25369572639465,44
1160,442,469,35.26946687698364,44
1161,452,441,35.28512644767761,44
1162,459,404,35.300761461257935,44
1163,457,365,35.31643056869507,44
1164,439,322,35.33211398124695,44
1165,406,286,35.347750425338745,44
1166,283,291,35.42613101005554,45
1167,275,302,35.44205665588379,45
1168,263,326,35.45769238471985,45
1169,257,344,35.47353005409241,45
1170,255,359,35.488996505737305,45
1171,254,374,35.50467824935913,45
1172,257,398,35.52051544189453,45
1173,265,432,35.53614854812622,45
1174,282,465,35.55180239677429,45
1175,306,489,35.56744432449341,45
1176,327,503,35.583075284957886,45
1177,356,510,35.59875202178955,45
1178,391,511,35.614397287368774,45
1179,447,498,35.63024139404297,45
1180,512,463,35.645761489868164,45
1181,560,428,35.661519050598145,45
1182,581,397,35.67717885971069,45
1183,586,373,35.69287180900574,45
1184,582,344,35.70851016044617,45
1185,576,330,35.724156856536865,45
1186,274,262,35.850324392318726,46
1187,251,303,35.88094711303711,46
1188,252,321,35.896581172943115,46
1189,254,357,35.9122371673584,46
1190,262,395,35.9280731678009,46
1191,273,429,35.94373059272766,46
1192,289,456,35.961894035339355,46
1193,329,477,35.99146103858948,46
1194,360,483,36.01316595077515,46
1195,466,463,36.038671016693115,46
1196,501,456,36.054141998291016,46
1197,563,429,36.06996536254883,46
1198,600,400,36.08543586730957,46
1199,617,374,36.10108542442322,46
1200,622,354,36.11674904823303,46
1201,511,278,36.22688007354736,47
1202,502,283,36.24260139465332,47
1203,470,301,36.25826406478882,47
1204,439,325,36.27393078804016,47
1205,413,351,36.28976273536682,47
1206,394,380,36.305307388305664,47
1207,384,431,36.320963859558105,47
1208,384,469,36.33680748939514,47
1209,395,503,36.35279631614685,47
1210,407,530,36.368584632873535,47
1211,421,546,36.38430428504944,47
1212,429,551,36.39997482299805,47
1213,457,562,36.41567063331604,47
1214,510,567,36.43131613731384,47
1215,571,568,36.44699454307556,47
1216,637,554,36.4626669883728,47
1217,693,531,36.4785418510437,47
1218,735,497,36.49398684501648,47
1219,743,474,36.509689807891846,47
1220,601,387,36.63536214828491,48
1221,591,397,36.651004791259766,48
1222,571,418,36.66749906539917,48
1223,556,466,36.69792604446411,48
1224,558,497,36.7135910987854,48
1225,562,518,36.72931909561157,48
1226,576,560,36.7449848651886,48
1227,591,585,36.760682106018066,48
1228,605,595,36.77638649940491,48
1229,625,595,36.792064905166626,48
1230,647,592,36.807727098464966,48
1231,683,575,36.82338237762451,48
1232,714,554,36.83918738365173,48
1233,733,530,36.854841470718384,48
1234,742,504,36.870511054992676,48
1235,742,479,36.886154651641846,48
1236,729,438,36.901798248291016,48
1237,520,376,37.0115282535553,49
1238,518,381,37.0272319316864,49
1239,518,398,37.04288625717163,49
1240,519,422,37.05854320526123,49
1241,530,454,37.074241399765015,49
1242,551,493,37.089906215667725,49
1243,594,537,37.105591773986816,49
1244,614,548,37.12156105041504,49
1245,643,556,37.137221574783325,49
1246,679,556,37.15288209915161,49
1247,717,551,37.16859030723572,49
1248,769,527,37.18422865867615,49
1249,801,499,37.19994282722473,49
1250,821,472,37.21560716629028,49
1251,834,429,37.23135447502136,49
1252,836,402,37.24703001976013,49
1253,835,371,37.262738943099976,49
1254,590,343,37.38800358772278,50
1255,580,361,37.40375328063965,50
1256,577,387,37.41948652267456,50
1257,583,436,37.43518328666687,50
1258,603,491,37.45083665847778,50
1259,624,529,37.46650528907776,50
1260,640,548,37.48215055465698,50
1261,664,558,37.49780893325806,50
1262,698,564,37.51344323158264,50
1263,757,555,37.529098987579346,50
1264,809,532,37.54476070404053,50
1265,866,490,37.560500144958496,50
1266,894,447,37.576130628585815,50
1267,902,408,37.5917649269104,50
1268,896,364,37.60749554634094,50
1269,874,315,37.62329411506653,50
1270,638,282,37.733030796051025,51
1271,631,296,37.748737812042236,51
1272,625,319,37.764554262161255,51
1273,623,341,37.78021860122681,51
1274,623,357,37.795856952667236,51
1275,626,369,37.81156659126282,51
1276,633,381,37.82743501663208,51
1277,642,389,37.842894077301025,51
1278,653,393,37.858546018600464,51
1279,669,394,37.874207973480225,51
1280,689,390,37.889872789382935,51
1281,712,378,37.905571937561035,51
1282,735,364,37.92121338844299,51
1283,757,343,37.937023878097534,51
1284,770,320,37.953137159347534,51
1285,772,298,37.96860432624817,51
1286,772,289,37.98424577713013,51
1287,769,269,37.99997019767761,51
1288,442,248,38.15725111961365,52
1289,441,281,38.172932147979736,52
1290,450,316,38.18861675262451,52
1291,468,349,38.20429301261902,52
1292,499,381,38.2199432849884,52
1293,547,410,38.23569989204407,52
1294,577,422,38.25136065483093,52
1295,620,422,38.2669882774353,52
1296,665,420,38.28265738487244,52
1297,694,413,38.29837942123413,52
1298,731,400,38.31408214569092,52
1299,765,373,38.3297860622406,52
1300,790,349,38.345438957214355,52
1301,801,328,38.3610737323761,52
1302,802,312,38.376734495162964,52
1303,801,288,38.39236640930176,52
1304,567,250,38.53383159637451,53
1305,566,297,38.54947233200073,53
1306,574,337,38.56510353088379,53
1307,585,359,38.58079504966736,53
1308,598,371,38.596444606781006,53
1309,612,376,38.61233329772949,53
1310,620,377,38.62827754020691,53
1311,645,378,38.64374923706055,53
1312,689,371,38.659419775009155,53
1313,747,360,38.67523908615112,53
1314,788,342,38.69085168838501,53
1315,802,331,38.706539154052734,53
1316,805,319,38.722196102142334,53
1317,806,298,38.73782968521118,53
1318,804,274,38.753538846969604,53
1319,794,237,38.769460916519165,53
1320,505,153,38.895211935043335,54
1321,499,167,38.91111350059509,54
1322,492,197,38.92677450180054,54
1323,488,218,38.94247078895569,54
1324,487,230,38.95815563201904,54
1325,492,255,38.973846197128296,54
1326,507,280,38.98982858657837,54
1327,528,299,39.005462646484375,54
1328,552,313,39.02112102508545,54
1329,590,315,39.03679132461548,54
1330,630,311,39.05245661735535,54
1331,676,289,39.068114280700684,54
1332,714,254,39.08377194404602,54
1333,751,202,39.099467039108276,54
1334,780,144,39.11511254310608,54
1335,786,79,39.13075137138367,54
1336,779,51,39.146422147750854,54
1337,752,3,39.16209149360657,54
1338,388,99,39.30349135398865,55
1339,392,147,39.31913876533508,55
1340,406,196,39.334779262542725,55
1341,427,226,39.3504319190979,55
1342,449,246,39.36609745025635,55
1343,465,252,39.383872985839844,55
1344,487,250,39.413647174835205,55
1345,504,237,39.42933011054993,55
1346,521,215,39.44499349594116,55
1347,531,195,39.460678577423096,55
1348,536,174,39.47637462615967,55
1349,530,154,39.492063999176025,55
1350,156,254,40.429654598236084,56
1351,156,281,40.44937539100647,56
1352,163,298,40.46524214744568,56
1353,175,319,40.480722427368164,56
1354,199,345,40.4963538646698,56
1355,238,372,40.51200747489929,56
1356,292,388,40.52782940864563,56
1357,333,388,40.54357147216797,56
1358,362,379,40.55924344062805,56
1359,387,358,40.574973821640015,56
1360,400,335,40.59063529968262,56
1361,404,321,40.6063072681427,56
1362,403,294,40.622087478637695,56
1363,395,258,40.63772773742676,56
1364,80,206,40.778881788253784,57
1365,78,224,40.79474139213562,57
1366,78,249,40.81042981147766,57
1367,81,273,40.826144218444824,57
1368,92,298,40.84182119369507,57
1369,109,320,40.85749125480652,57
1370,124,333,40.873149156570435,57
1371,146,341,40.88879919052124,57
1372,178,346,40.90453243255615,57
1373,230,348,40.920276403427124,57
1374,267,344,40.93624830245972,57
1375,327,324,40.952343225479126,57
1376,370,301,40.96800422668457,57
1377,391,273,40.98373508453369,57
1378,395,248,40.99939274787903,57
1379,395,218,41.01509165763855,57
1380,386,183,41.03072667121887,57
1381,189,143,41.171878814697266,58
1382,183,161,41.18773651123047,58
1383,178,178,41.20320773124695,58
1384,178,196,41.21885108947754,58
1385,184,216,41.23452115058899,58
1386,188,223,41.2501585483551,58
1387,200,239,41.26584553718567,58
1388,220,254,41.28150939941406,58
1389,240,263,41.29716444015503,58
1390,263,265,41.31285572052002,58
1391,285,259,41.32851219177246,58
1392,304,244,41.34415054321289,58
1393,320,226,41.35978364944458,58
1394,332,203,41.37549829483032,58
1395,339,179,41.39122796058655,58
1396,340,154,41.40687417984009,58
1397,338,135,41.422539949417114,58
1398,77,81,41.56389856338501,59
1399,76,93,41.57972550392151,59
1400,76,130,41.59538388252258,59
1401,84,161,41.611079931259155,59
1402,103,207,41.626914978027344,59
1403,127,238,41.64256286621094,59
1404,147,262,41.65806841850281,59
1405,167,271,41.67373466491699,59
1406,197,276,41.68936538696289,59
1407,230,273,41.7050404548645,59
1408,270,265,41.72089505195618,59
1409,308,248,41.73889470100403,59
1410,344,210,41.768030405044556,59
1411,348,191,41.78390336036682,59
1412,351,168,41.79943323135376,59
1413,349,146,41.81507706642151,59
1414,341,117,41.83073401451111,59
1415,322,83,41.84636974334717,59
1416,289,53,41.86210894584656,59
1417,249,34,41.877920150756836,59
1418,206,22,41.893672466278076,59
1419,184,16,41.909324169158936,59
1420,69,140,42.00337862968445,60
1421,68,160,42.019301652908325,60
1422,75,192,42.03493523597717,60
1423,84,214,42.05067539215088,60
1424,92,230,42.06639313697815,60
1425,106,242,42.08216142654419,60
1426,124,254,42.09826183319092,60
1427,150,262,42.11390686035156,60
1428,191,264,42.12959289550781,60
1429,218,259,42.145233154296875,60
1430,238,246,42.16118860244751,60
1431,249,232,42.176912784576416,60
1432,256,209,42.19257593154907,60
1433,262,184,42.20821285247803,60
1434,265,158,42.22389221191406,60
1435,265,149,42.2396514415741,60
1436,183,84,42.33390235900879,61
1437,173,84,42.34987735748291,61
1438,158,86,42.3658344745636,61
1439,141,94,42.38137102127075,61
1440,121,110,42.39705967903137,61
1441,102,125,42.41290855407715,61
1442,88,149,42.428399324417114,61
1443,77,173,42.44406747817993,61
1444,74,200,42.45972228050232,61
1445,74,237,42.475544691085815,61
1446,90,270,42.491201639175415,61
1447,109,297,42.506861209869385,61
1448,132,317,42.522496700286865,61
1449,183,336,42.53813171386719,61
1450,237,342,42.5537896156311,61
1451,272,342,42.56953549385071,61
1452,348,335,42.58532381057739,61
1453,422,308,42.60101866722107,61
1454,479,272,42.61668062210083,61
1455,497,242,42.6323356628418,61
1456,499,210,42.647977113723755,61
1457,136,21,42.78927516937256,62
1458,131,29,42.805150270462036,62
1459,125,41,42.8250207901001,62
1460,110,81,42.85244274139404,62
1461,102,108,42.868101358413696,62
1462,99,138,42.883734703063965,62
1463,99,151,42.899418592453,62
1464,100,174,42.91508364677429,62
1465,104,194,42.93073630332947,62
1466,110,208,42.94638180732727,62
1467,120,218,42.962085485458374,62
1468,141,232,42.9777729511261,62
1469,170,244,42.99342894554138,62
1470,202,247,43.00910711288452,62
1471,232,247,43.02474570274353,62
1472,263,244,43.04040312767029,62
1473,306,187,43.12029504776001,63
1474,304,180,43.13529920578003,63
1475,299,167,43.15095639228821,63
1476,293,154,43.16659927368164,63
1477,283,136,43.18227672576904,63
1478,278,128,43.198036193847656,63
1479,275,123,43.21369194984436,63
1480,255,105,43.229676961898804,63
1481,239,97,43.24555063247681,63
1482,233,95,43.26123285293579,63
1483,220,91,43.27687478065491,63
1484,207,91,43.292529344558716,63
1485,193,93,43.30815815925598,63
1486,170,101,43.32381296157837,63
1487,150,111,43.33964443206787,63
1488,128,128,43.35546064376831,63
1489,114,146,43.37091898918152,63
1490,104,165,43.3865909576416,63
1491,102,184,43.402299880981445,63
1492,104,214,43.41798543930054,63
1493,120,241,43.43380355834961,63
1494,136,262,43.449360370635986,63
1495,152,280,43.4650194644928,63
1496,178,295,43.48066735267639,63
1497,206,301,43.49643540382385,63
1498,229,299,43.51207518577576,63
1499,245,284,43.52772235870361,63
1500,254,256,43.54337453842163,63
1501,262,228,43.55906677246094,63
1502,195,97,43.69996356964111,64
1503,189,97,43.715620040893555,64
1504,178,100,43.7312490940094,64
1505,169,106,43.74688100814819,64
1506,156,120,43.76254940032959,64
1507,146,140,43.778215646743774,64
1508,143,161,43.79395508766174,64
1509,146,193,43.809608459472656,64
1510,153,243,43.825286865234375,64
1511,167,274,43.840930461883545,64
1512,176,290,43.856884241104126,64
1513,187,300,43.872530698776245,64
1514,195,304,43.888195514678955,64
1515,217,312,43.90383458137512,64
1516,252,313,43.91947364807129,64
1517,305,304,43.935110092163086,64
1518,348,288,43.950783252716064,64
1519,361,273,43.96644997596741,64
1520,363,255,43.98210406303406,64
1521,361,232,43.99773693084717,64
1522,345,205,44.013826847076416,64
1523,587,240,44.54002356529236,65
1524,567,258,44.56273865699768,65
1525,559,272,44.57858753204346,65
1526,556,294,44.59422826766968,65
1527,557,310,44.609869956970215,65
1528,560,325,44.62752294540405,65
1529,571,355,44.65681171417236,65
1530,579,366,44.67342567443848,65
1531,584,373,44.688624143600464,65
1532,589,375,44.706722259521484,65
1533,593,373,44.73817801475525,65
1534,619,336,44.76744818687439,65
1535,649,297,44.78308176994324,65
1536,661,276,44.798723220825195,65
1537,669,254,44.814364194869995,65
1538,671,239,44.830000162124634,65
1539,669,225,44.84563446044922,65
1540,659,209,44.861470460891724,65
1541,653,198,44.87711453437805,65
1542,639,183,44.89274501800537,65
1543,625,171,44.90839648246765,65
1544,603,158,44.924243450164795,65
1545,574,153,44.93990874290466,65
1546,542,151,44.9553701877594,65
1547,518,156,44.97102117538452,65
1548,499,167,44.98667860031128,65
1549,553,372,45.11193227767944,66
1550,565,382,45.12756109237671,66
1551,584,390,45.14972639083862,66
1552,603,395,45.16573977470398,66
1553,626,394,45.19064950942993,66
1554,643,384,45.20628356933594,66
1555,669,373,45.22192454338074,66
1556,698,356,45.23774766921997,66
1557,725,335,45.253408908843994,66
1558,741,314,45.269055128097534,66
1559,745,293,45.28468465805054,66
1560,745,277,45.300315856933594,66
1561,741,260,45.315945863723755,66
1562,734,243,45.331592321395874,66
1563,724,224,45.34723711013794,66
1564,709,209,45.36286759376526,66
1565,565,307,45.55070996284485,67
1566,572,335,45.566365003585815,67
1567,586,359,45.58200287818909,67
1568,597,381,45.59763526916504,67
1569,608,390,45.613285303115845,67
1570,618,396,45.628936767578125,67
1571,636,398,45.64473366737366,67
1572,668,397,45.66038632392883,67
1573,711,391,45.676029205322266,67
1574,774,383,45.6917827129364,67
1575,822,364,45.70757699012756,67
1576,838,348,45.723039627075195,67
1577,842,333,45.73885989189148,67
1578,842,322,45.754316329956055,67
1579,839,303,45.76995539665222,67
1580,827,279,45.78559374809265,67
1581,806,240,45.80142164230347,67
1582,771,197,45.8168830871582,67
1583,719,156,45.83251404762268,67
1584,669,129,45.84817838668823,67
1585,618,118,45.8638391494751,67
1586,567,114,45.87965655326843,67
1587,407,315,46.005112171173096,68
1588,423,343,46.020756483078,68
1589,452,377,46.03640794754028,68
1590,484,404,46.052064418792725,68
1591,523,424,46.06773114204407,68
1592,547,429,46.08340620994568,68
1593,556,429,46.09905028343201,68
1594,574,425,46.114681243896484,68
1595,587,411,46.130321741104126,68
1596,596,386,46.14596080780029,68
1597,606,354,46.161603689193726,68
1598,619,317,46.17725157737732,68
1599,628,291,46.19321036338806,68
1600,632,274,46.2086660861969,68
1601,632,254,46.2242968082428,68
1602,628,242,46.240413188934326,68
1603,433,323,46.39695763587952,69
1604,429,332,46.4125862121582,69
1605,428,351,46.428404808044434,69
1606,432,368,46.44392681121826,69
1607,441,387,46.45957279205322,69
1608,453,401,46.47523832321167,69
1609,465,412,46.49087071418762,69
1610,488,426,46.50650668144226,69
1611,531,447,46.52216553688049,69
1612,579,458,46.53797674179077,69
1613,610,457,46.55345797538757,69
1614,640,442,46.56915044784546,69
1615,657,426,46.58483552932739,69
1616,670,407,46.600513219833374,69
1617,683,381,46.61614489555359,69
1618,690,355,46.63179969787598,69
1619,693,331,46.647616386413574,69
1620,693,310,46.663278341293335,69
1621,690,291,46.67874050140381,69
1622,680,271,46.69439959526062,69
1623,673,261,46.710041999816895,69
1624,638,237,46.72567915916443,69
1625,583,219,46.741345167160034,69
1626,373,302,46.86690664291382,70
1627,380,327,46.88256025314331,70
1628,394,366,46.898202657699585,70
1629,408,394,46.91385793685913,70
1630,423,418,46.92950105667114,70
1631,444,441,46.94527053833008,70
1632,464,453,46.96077537536621,70
1633,482,456,46.976404666900635,70
1634,490,456,46.992074728012085,70
1635,508,451,47.007728099823,70
1636,532,437,47.02337169647217,70
1637,576,405,47.03902053833008,70
1638,624,365,47.054840087890625,70
1639,667,319,47.070313930511475,70
1640,684,293,47.086029291152954,70
1641,686,278,47.1016731262207,70
1642,686,267,47.11731457710266,70
1643,474,209,47.289477825164795,71
1644,468,222,47.30510854721069,71
1645,464,239,47.320764780044556,71
1646,460,262,47.33640146255493,71
1647,459,295,47.35206174850464,71
1648,464,333,47.36770462989807,71
1649,478,372,47.383352279663086,71
1650,497,396,47.399005651474,71
1651,513,413,47.414830446243286,71
1652,541,431,47.430280447006226,71
1653,571,444,47.44634246826172,71
1654,620,449,47.46197152137756,71
1655,668,442,47.47764015197754,71
1656,718,425,47.49332356452942,71
1657,751,403,47.50914716720581,71
1658,766,382,47.524614334106445,71
1659,773,357,47.54027843475342,71
1660,773,334,47.55595827102661,71
1661,768,301,47.57158899307251,71
1662,756,265,47.58722496032715,71
1663,745,248,47.60298728942871,71
1664,722,219,47.6186408996582,71
1665,259,254,47.74559307098389,72
1666,269,325,47.77583456039429,72
1667,298,373,47.79147386550903,72
1668,328,405,47.80712127685547,72
1669,365,434,47.82275938987732,72
1670,396,448,47.83839273452759,72
1671,428,452,47.86029124259949,72
1672,501,440,47.88560724258423,72
1673,520,427,47.90124201774597,72
1674,545,403,47.916887521743774,72
1675,570,362,47.93256449699402,72
1676,580,333,47.94820213317871,72
1677,586,308,47.96385431289673,72
1678,587,284,47.979533672332764,72
1679,586,268,47.99518275260925,72
1680,579,247,48.010818004608154,72
1681,562,225,48.0264687538147,72
1682,525,205,48.04211449623108,72
1683,325,196,48.167295932769775,73
1684,322,223,48.18295669555664,73
1685,322,250,48.19876980781555,73
1686,321,277,48.214868783950806,73
1687,319,308,48.23051714897156,73
1688,319,323,48.24615263938904,73
1689,330,363,48.26180171966553,73
1690,343,394,48.277435064315796,73
1691,357,409,48.293092250823975,73
1692,376,423,48.308746337890625,73
1693,408,431,48.32440423965454,73
1694,461,434,48.3400604724884,73
1695,525,430,48.35569095611572,73
1696,587,415,48.37132430076599,73
1697,643,393,48.386975049972534,73
1698,662,372,48.40262770652771,73
1699,665,357,48.41826152801514,73
1700,666,332,48.433937072753906,73
1701,663,307,48.44975256919861,73
1702,654,272,48.465235233306885,73
1703,340,256,48.6061315536499,74
1704,327,280,48.62181568145752,74
1705,321,302,48.638370752334595,74
1706,323,371,48.66876029968262,74
1707,340,428,48.684406995773315,74
1708,358,471,48.7000732421875,74
1709,372,489,48.71570825576782,74
1710,387,504,48.73136305809021,74
1711,407,515,48.74700045585632,74
1712,431,523,48.77019906044006,74
1713,494,518,48.7940194606781,74
1714,531,504,48.809648752212524,74
1715,574,475,48.82527780532837,74
1716,613,438,48.840909242630005,74
1717,634,415,48.856544494628906,74
1718,649,399,48.872684717178345,74
1719,651,393,48.88832068443298,74
1720,651,374,48.9053852558136,74
1721,637,328,48.9353187084198,74
1722,351,241,49.04494500160217,75
1723,338,258,49.06060743331909,75
1724,327,278,49.0766818523407,75
1725,320,304,49.092312812805176,75
1726,312,338,49.107943058013916,75
1727,309,363,49.12360191345215,75
1728,309,387,49.13924288749695,75
1729,311,399,49.154884576797485,75
1730,319,420,49.170522928237915,75
1731,332,437,49.18615436553955,75
1732,353,453,49.20180606842041,75
1733,376,464,49.21744704246521,75
1734,427,467,49.23307800292969,75
1735,504,467,49.24872851371765,75
1736,599,460,49.26436185836792,75
1737,641,452,49.280033826828,75
1738,693,429,49.29568529129028,75
1739,710,409,49.31138563156128,75
1740,713,386,49.327073097229004,75
1741,713,346,49.34270930290222,75
1742,700,290,49.358500242233276,75
1743,431,93,49.48380136489868,76
1744,411,111,49.499430418014526,76
1745,394,133,49.51506328582764,76
1746,380,159,49.53076791763306,76
1747,370,184,49.54641914367676,76
1748,363,210,49.56209850311279,76
1749,357,250,49.57776117324829,76
1750,358,289,49.59341907501221,76
1751,371,330,49.609288692474365,76
1752,385,354,49.62491750717163,76
1753,399,371,49.64055514335632,76
1754,421,384,49.65625858306885,76
1755,467,397,49.6718966960907,76
1756,526,398,49.687766790390015,76
1757,571,396,49.703235149383545,76
1758,599,387,49.71886706352234,76
1759,615,372,49.73449492454529,76
1760,621,362,49.75012993812561,76
1761,624,337,49.765767335891724,76
1762,626,293,49.78143501281738,76
1763,619,251,49.79708123207092,76
1764,600,201,49.812727212905884,76
1765,360,142,49.90695786476135,77
1766,352,149,49.922767162323,77
1767,338,166,49.938419818878174,77
1768,325,186,49.954068422317505,77
1769,315,208,49.97062349319458,77
1770,295,282,50.00106883049011,77
1771,296,322,50.01670241355896,77
1772,310,361,50.03269934654236,77
1773,330,394,50.04834794998169,77
1774,339,403,50.06402826309204,77
1775,357,416,50.079877614974976,77
1776,387,428,50.09552025794983,77
1777,435,437,50.111170530319214,77
1778,490,439,50.12682247161865,77
1779,535,434,50.14251112937927,77
1780,568,420,50.158358573913574,77
1781,582,400,50.17422437667847,77
1782,585,385,50.18985438346863,77
1783,586,354,50.205493688583374,77
1784,586,323,50.22170567512512,77
1785,586,290,50.236796379089355,77
1786,580,259,50.25274610519409,77
1787,568,236,50.26840853691101,77
1788,289,197,50.3785080909729,78
1789,283,205,50.39381527900696,78
1790,275,229,50.40965700149536,78
1791,276,258,50.42529845237732,78
1792,284,296,50.4409282207489,78
1793,300,343,50.45656728744507,78
1794,315,374,50.47224140167236,78
1795,332,400,50.48787498474121,78
1796,357,415,50.503509283065796,78
1797,384,426,50.51942586898804,78
1798,461,428,50.54997253417969,78
1799,520,420,50.565640449523926,78
1800,581,398,50.581281900405884,78
1801,613,374,50.59746956825256,78
1802,628,349,50.61849021911621,78
1803,628,293,50.64375567436218,78
1804,617,257,50.65993618965149,78
1805,593,210,50.6759512424469,78
1806,373,205,50.80001187324524,79
1807,354,235,50.81566262245178,79
1808,339,260,50.83133029937744,79
1809,332,285,50.846994400024414,79
1810,331,306,50.86262488365173,79
1811,335,332,50.87827658653259,79
1812,341,356,50.893994092941284,79
1813,354,374,50.909627199172974,79
1814,368,386,50.92526125907898,79
1815,381,395,50.940892934799194,79
1816,390,398,50.95658564567566,79
1817,410,400,50.97224426269531,79
1818,434,399,50.987874269485474,79
1819,462,391,51.00352621078491,79
1820,488,378,51.01918697357178,79
1821,505,363,51.03486251831055,79
1822,520,343,51.05049514770508,79
1823,527,326,51.06613802909851,79
1824,532,306,51.08194708824158,79
1825,247,184,51.25401329994202,80
1826,233,200,51.26967692375183,80
1827,221,224,51.28531789779663,80
1828,213,271,51.30095195770264,80
1829,215,326,51.318589210510254,80
1830,274,466,51.347904205322266,80
1831,305,510,51.36354088783264,80
1832,334,537,51.3827862739563,80
1833,414,570,51.41007161140442,80
1834,485,570,51.42638111114502,80
1835,567,566,51.44142436981201,80
1836,652,552,51.45707964897156,80
1837,735,533,51.47273850440979,80
1838,794,499,51.488381147384644,80
1839,803,487,51.50402760505676,80
1840,812,452,51.51966428756714,80
1841,809,399,51.53552985191345,80
1842,797,346,51.55116891860962,80
1843,781,294,51.56702780723572,80
1844,750,243,51.582658767700195,80
1845,352,243,51.74165606498718,81
1846,330,317,51.77070069313049,81
1847,329,346,51.786356687545776,81
1848,334,375,51.801990270614624,81
1849,345,398,51.81775379180908,81
1850,360,415,51.83363652229309,81
1851,366,419,51.849265575408936,81
1852,386,428,51.8656530380249,81
1853,440,435,51.88876557350159,81
1854,500,426,51.91188383102417,81
1855,540,403,51.92752385139465,81
1856,559,379,51.94320106506348,81
1857,569,347,51.95883536338806,81
1858,571,319,51.97471237182617,81
1859,566,284,51.9903666973114,81
1860,370,217,52.14693284034729,82
1861,357,240,52.16259479522705,82
1862,348,290,52.178247690200806,82
1863,347,340,52.19389843940735,82
1864,352,391,52.2095365524292,82
1865,357,437,52.225191593170166,82
1866,367,464,52.24101233482361,82
1867,376,480,52.256481647491455,82
1868,389,495,52.27211284637451,82
1869,419,509,52.28776264190674,82
1870,468,512,52.30341672897339,82
1871,509,507,52.31909537315369,82
1872,563,482,52.334742307662964,82
1873,626,451,52.350460052490234,82
1874,664,417,52.366135597229004,82
1875,674,392,52.3817720413208,82
1876,676,368,52.39920425415039,82
1877,655,292,52.42870783805847,82
1878,277,159,52.56985116004944,83
1879,264,181,52.58534479141235,83
1880,256,204,52.60097575187683,83
1881,255,229,52.616607666015625,83
1882,263,274,52.63237762451172,83
1883,281,322,52.64800715446472,83
1884,303,368,52.66363763809204,83
1885,327,397,52.679271936416626,83
1886,359,427,52.69494676589966,83
1887,405,456,52.71066355705261,83
1888,431,469,52.726301431655884,83
1889,480,474,52.74193787574768,83
1890,527,473,52.75760555267334,83
1891,567,463,52.77325367927551,83
1892,601,437,52.788912534713745,83
1893,612,420,52.80457592010498,83
1894,618,397,52.82038354873657,83
1895,624,373,52.836034297943115,83
1896,627,347,52.85151934623718,83
1897,624,323,52.86740851402283,83
1898,373,286,53.02390217781067,84
1899,367,305,53.03953146934509,84
1900,365,327,53.05524396896362,84
1901,370,356,53.07150840759277,84
1902,380,389,53.08657360076904,84
1903,397,437,53.10226535797119,84
1904,416,467,53.11790084838867,84
1905,427,484,53.13354539871216,84
1906,445,497,53.15267539024353,84
1907,503,505,53.1804575920105,84
1908,538,503,53.196136236190796,84
1909,575,484,53.21181344985962,84
1910,593,467,53.22769498825073,84
1911,603,444,53.24312472343445,84
1912,614,402,53.258777141571045,84
1913,615,366,53.27441358566284,84
1914,609,322,53.29006481170654,84
1915,594,278,53.305734157562256,84
1916,317,177,53.40025544166565,85
1917,311,185,53.41567635536194,85
1918,305,199,53.431477546691895,85
1919,302,216,53.44714379310608,85
1920,299,241,53.46279168128967,85
1921,300,285,53.478609800338745,85
1922,311,369,53.49424719810486,85
1923,322,435,53.5097553730011,85
1924,333,474,53.52544689178467,85
1925,341,488,53.54107737541199,85
1926,360,499,53.55672645568848,85
1927,388,501,53.57235598564148,85
1928,417,499,53.587987661361694,85
1929,457,489,53.60363054275513,85
1930,489,473,53.619343280792236,85
1931,535,443,53.63515377044678,85
1932,591,409,53.650614738464355,85
1933,622,382,53.66626787185669,85
1934,636,359,53.68207120895386,85
1935,345,204,53.8227744102478,86
1936,340,212,53.83842444419861,86
1937,333,229,53.85407519340515,86
1938,326,252,53.87001872062683,86
1939,324,273,53.88554763793945,86
1940,324,291,53.90119457244873,86
1941,327,331,53.91684103012085,86
1942,339,380,53.932490825653076,86
1943,358,414,53.94813394546509,86
1944,371,431,53.96377182006836,86
1945,380,438,53.97947597503662,86
1946,389,439,53.995129346847534,86
1947,405,437,54.01075792312622,86
1948,448,424,54.02639365196228,86
1949,492,407,54.042049169540405,86
1950,544,383,54.05769753456116,86
1951,579,352,54.073336124420166,86
1952,598,325,54.08898854255676,86
1953,604,301,54.1047842502594,86
1954,600,262,54.12046670913696,86
1955,333,136,54.27747368812561,87
1956,318,165,54.29312872886658,87
1957,303,208,54.308778047561646,87
1958,293,263,54.32444715499878,87
1959,295,314,54.34011793136597,87
1960,302,366,54.355868339538574,87
1961,313,394,54.37153506278992,87
1962,324,417,54.38716530799866,87
1963,348,441,54.402830362319946,87
1964,389,462,54.41847634315491,87
1965,434,471,54.4341197013855,87
1966,474,467,54.44999599456787,87
1967,501,460,54.4656400680542,87
1968,534,435,54.48127031326294,87
1969,559,401,54.49691700935364,87
1970,577,346,54.512584924697876,87
1971,585,323,54.528217792510986,87
1972,591,289,54.543850898742676,87
1973,199,181,54.71597409248352,88
1974,194,211,54.731619358062744,88
1975,194,249,54.74727272987366,88
1976,203,301,54.763075828552246,88
1977,216,355,54.77871084213257,88
1978,229,401,54.79444098472595,88
1979,240,418,54.81007671356201,88
1980,262,451,54.8257794380188,88
1981,298,494,54.841599225997925,88
1982,357,538,54.857054710388184,88
1983,401,562,54.872705936431885,88
1984,447,574,54.888368368148804,88
1985,495,568,54.90401482582092,88
1986,530,546,54.91967511177063,88
1987,567,500,54.93530344963074,88
1988,597,445,54.9512243270874,88
1989,626,370,54.96658277511597,88
1990,643,308,54.98229217529297,88
1991,654,255,54.99810433387756,88
1992,517,183,55.107993364334106,89
1993,506,185,55.123629093170166,89
1994,479,197,55.139297008514404,89
1995,469,206,55.154940605163574,89
1996,451,228,55.170570850372314,89
1997,449,247,55.186230182647705,89
1998,443,284,55.20202589035034,89
1999,442,328,55.21751928329468,89
2000,451,364,55.23314833641052,89
2001,460,388,55.24881362915039,89
2002,475,408,55.26445436477661,89
2003,498,421,55.280149936676025,89
2004,532,428,55.29580616950989,89
2005,590,427,55.31149363517761,89
2006,648,417,55.32716917991638,89
2007,728,383,55.343002796173096,89
2008,752,363,55.358500719070435,89
2009,764,346,55.37460494041443,89
2010,764,322,55.39026069641113,89
2011,759,279,55.405954122543335,89
2012,742,229,55.42178177833557,89
2013,327,145,55.57816290855408,90
2014,323,163,55.59385347366333,90
2015,314,213,55.60950970649719,90
2016,317,265,55.625354528427124,90
2017,332,309,55.640788555145264,90
2018,358,350,55.65644955635071,90
2019,386,378,55.67217683792114,90
2020,415,396,55.68780755996704,90
2021,452,409,55.7034478187561,90
2022,488,409,55.71910095214844,90
2023,539,397,55.73477053642273,90
2024,567,385,55.75040555000305,90
2025,606,357,55.76604890823364,90
2026,622,331,55.78169369697571,90
2027,630,306,55.7973530292511,90
2028,631,280,55.8130087852478,90
2029,325,67,55.93826937675476,91
2030,316,76,55.95414471626282,91
2031,307,96,55.969624280929565,91
2032,298,124,55.98529863357544,91
2033,295,157,56.00096344947815,91
2034,295,209,56.01662278175354,91
2035,300,241,56.03227138519287,91
2036,308,287,56.04794955253601,91
2037,314,311,56.063798904418945,91
2038,322,329,56.07925367355347,91
2039,337,345,56.09494733810425,91
2040,359,360,56.1106231212616,91
2041,400,372,56.12627959251404,91
2042,470,377,56.14195466041565,91
2043,521,374,56.15764045715332,91
2044,590,351,56.17329144477844,91
2045,614,337,56.18894720077515,91
2046,623,299,56.204588174819946,91
2047,622,253,56.220219135284424,91
2048,322,138,56.37687969207764,92
2049,289,167,56.39252161979675,92
2050,273,196,56.40844941139221,92
2051,266,224,56.42414331436157,92
2052,263,257,56.439815521240234,92
2053,271,289,56.45547294616699,92
2054,284,332,56.47111487388611,92
2055,301,364,56.48680639266968,92
2056,315,384,56.50265073776245,92
2057,335,394,56.51815128326416,92
2058,360,395,56.53379702568054,92
2059,395,388,56.54944181442261,92
2060,456,364,56.56525540351868,92
2061,515,337,56.58074188232422,92
2062,565,303,56.59658980369568,92
2063,588,269,56.61234521865845,92
2064,588,244,56.628098487854004,92
2065,581,201,56.643728494644165,92
2066,148,47,56.78450846672058,93
2067,133,73,56.80019664764404,93
2068,116,123,56.81582546234131,93
2069,110,177,56.831475257873535,93
2070,110,211,56.84713625907898,93
2071,117,263,56.862767457962036,93
2072,130,295,56.878397941589355,93
2073,148,324,56.894031047821045,93
2074,171,336,56.91007900238037,93
2075,203,338,56.925721645355225,93
2076,250,329,56.9414119720459,93
2077,272,329,56.9570677280426,93
2078,327,321,56.97292160987854,93
2079,363,313,56.98840689659119,93
2080,414,284,57.00407433509827,93
2081,618,80,57.536500215530396,94
2082,611,88,57.5522518157959,94
2083,609,93,57.56788754463196,94
2084,610,98,57.583523988723755,94
2085,613,106,57.599173069000244,94
2086,617,116,57.614845514297485,94
2087,621,121,57.63049650192261,94
2088,626,127,57.64615225791931,94
2089,633,132,57.66183376312256,94
2090,643,134,57.67746376991272,94
2091,651,134,57.693097829818726,94
2092,657,132,57.70872616767883,94
2093,664,127,57.72437572479248,94
2094,667,123,57.74002385139465,94
2095,671,118,57.75566005706787,94
2096,676,106,57.77130842208862,94
2097,676,99,57.786959171295166,94
2098,675,92,57.80259370803833,94
2099,671,88,57.81824779510498,94
2100,664,80,57.83394742012024,94
2101,653,72,57.84976625442505,94
2102,639,66,57.86521625518799,94
2103,619,59,57.88087487220764,94
2104,594,57,57.896546363830566,94
2105,570,193,58.024113178253174,95
2106,577,201,58.042195320129395,95
2107,607,226,58.06966948509216,95
2108,633,237,58.08531641960144,95
2109,670,241,58.10095810890198,95
2110,699,238,58.11660432815552,95
2111,717,226,58.13225078582764,95
2112,728,209,58.147948265075684,95
2113,743,178,58.16362762451172,95
2114,751,163,58.179287910461426,95
2115,768,125,58.19510793685913,95
2116,777,95,58.210572719573975,95
2117,778,71,58.226232051849365,95
2118,771,57,58.241888999938965,95
2119,756,46,58.25752305984497,95
2120,731,34,58.27318811416626,95
2121,713,31,58.28886318206787,95
2122,697,31,58.30452919006348,95
2123,675,37,58.320186614990234,95
2124,657,46,58.33585000038147,95
2125,784,313,58.4611074924469,96
2126,821,332,58.47674298286438,96
2127,859,345,58.49240708351135,96
2128,866,347,58.508070945739746,96
2129,879,343,58.52371025085449,96
2130,899,326,58.53937363624573,96
2131,921,296,58.55559539794922,96
2132,933,274,58.57068490982056,96
2133,942,253,58.58633732795715,96
2134,946,230,58.60196661949158,96
2135,948,206,58.61764979362488,96
2136,947,185,58.6375195980072,96
2137,915,151,58.66860342025757,96
2138,814,126,58.69644856452942,96
2139,755,121,58.71667289733887,96
2140,658,405,58.85268688201904,97
2141,700,431,58.86835980415344,97
2142,746,443,58.88427996635437,97
2143,774,442,58.89993166923523,97
2144,787,432,58.9155752658844,97
2145,792,418,58.931217670440674,97
2146,798,397,58.94691014289856,97
2147,806,374,58.9628369808197,97
2148,814,349,58.978307247161865,97
2149,821,326,58.99393558502197,97
2150,825,300,59.010117530822754,97
2151,658,354,59.182440519332886,98
2152,673,379,59.198068141937256,98
2153,705,412,59.213746309280396,98
2154,757,449,59.2293803691864,98
2155,804,476,59.245041847229004,98
2156,840,494,59.26069712638855,98
2157,858,498,59.27633786201477,98
2158,861,496,59.291977643966675,98
2159,866,479,59.30763483047485,98
2160,869,439,59.32329535484314,98
2161,871,400,59.33893942832947,98
2162,874,366,59.35457968711853,98
2163,655,367,59.50050473213196,99
2164,647,409,59.5268337726593,99
2165,648,432,59.542481660842896,99
2166,651,453,59.55814242362976,99
2167,661,472,59.57400417327881,99
2168,675,493,59.58969521522522,99
2169,691,507,59.605337142944336,99
2170,712,518,59.62097787857056,99
2171,730,520,59.63668918609619,99
2172,740,518,59.65238904953003,99
2173,745,513,59.668041706085205,99
2174,757,489,59.683674812316895,99
2175,769,464,59.699495792388916,99
2176,776,434,59.71515226364136,99
2177,779,413,59.730793714523315,99
2178,614,418,59.88725161552429,100
2179,616,438,59.903075218200684,100
2180,626,462,59.918747663497925,100
2181,643,488,59.93440270423889,100
2182,665,519,59.95005488395691,100
2183,679,536,59.96570801734924,100
2184,689,544,59.98135542869568,100
2185,693,546,59.99699068069458,100
2186,700,548,60.01263904571533,100
2187,708,549,60.0282826423645,100
2188,717,548,60.043925523757935,100
2189,732,536,60.05958890914917,100
2190,743,516,60.07542586326599,100
2191,755,489,60.090880155563354,100
2192,760,465,60.10653066635132,100
2193,770,428,60.122172117233276,100
2194,774,404,60.137813091278076,100
2195,774,388,60.15345239639282,100
2196,669,374,60.247546672821045,101
2197,656,384,60.26319718360901,101
2198,632,404,60.27882790565491,101
2199,620,420,60.294456005096436,101
2200,611,450,60.31014275550842,101
2201,609,477,60.325780153274536,101
2202,622,516,60.34142208099365,101
2203,654,558,60.357086181640625,101
2204,683,587,60.37272095680237,101
2205,701,594,60.388354539871216,101
2206,706,596,60.40400457382202,101
2207,707,595,60.419678688049316,101
2208,713,590,60.43532419204712,101
2209,728,578,60.45107960700989,101
2210,744,560,60.46671652793884,101
2211,758,539,60.48242998123169,101
2212,772,517,60.498088359832764,101
2213,778,505,60.51371788978577,101
2214,782,490,60.529446601867676,101
2215,781,474,60.54508399963379,101
2216,767,455,60.560906171798706,101
2217,752,445,60.57653188705444,101
2218,710,431,60.5920295715332,101
2219,522,467,60.67232298851013,102
2220,518,502,60.7020525932312,102
2221,526,537,60.7172486782074,102
2222,555,594,60.732890129089355,102
2223,596,638,60.7532160282135,102
2224,633,660,60.76876926422119,102
2225,661,664,60.78455948829651,102
2226,691,664,60.80034852027893,102
2227,711,657,60.81814360618591,102
2228,722,639,60.84081196784973,102
2229,726,623,60.85837364196777,102
2230,736,590,60.87572479248047,102
2231,737,565,60.891759634017944,102
2232,731,540,60.907557010650635,102
2233,80,478,61.52726149559021,103
2234,78,480,61.54304885864258,103
2235,72,487,61.55883455276489,103
2236,64,499,61.57461619377136,103
2237,59,513,61.59041738510132,103
2238,57,522,61.60622525215149,103
2239,57,533,61.62218928337097,103
2240,58,539,61.63805103302002,103
2241,64,547,61.654006004333496,103
2242,74,553,61.669591188430786,103
2243,91,558,61.685282945632935,103
2244,108,558,61.70091414451599,103
2245,133,558,61.71654224395752,103
2246,176,551,61.732197523117065,103
2247,216,543,61.7478346824646,103
2248,238,536,61.76348948478699,103
2249,247,529,61.7791633605957,103
2250,249,524,61.79480266571045,103
2251,250,518,61.810436964035034,103
2252,250,508,61.826077699661255,103
2253,247,498,61.84197688102722,103
2254,244,490,61.85764122009277,103
2255,238,483,61.873281717300415,103
2256,230,476,61.88892960548401,103
2257,220,470,61.904741525650024,103
2258,216,469,61.92021036148071,103
2259,208,467,61.93587374687195,103
2260,198,466,61.95152759552002,103
2261,187,464,61.967363595962524,103
2262,175,462,61.98330521583557,103
2263,161,460,61.99894309043884,103
2264,147,458,62.014782190322876,103
2265,135,455,62.030261278152466,103
2266,121,455,62.045891761779785,103
2267,109,456,62.06152319908142,103
2268,99,458,62.07717752456665,103
2269,89,461,62.09286856651306,103
2270,77,466,62.10850787162781,103
2271,63,472,62.124327182769775,103
2272,48,480,62.139779567718506,103
2273,34,490,62.15540838241577,103
2274,26,498,62.171244621276855,103
2275,22,505,62.18671226501465,103
2276,342,507,62.34323167800903,104
2277,345,490,62.35889792442322,104
2278,349,469,62.37455463409424,104
2279,355,451,62.390196800231934,104
2280,356,433,62.40583157539368,104
2281,355,418,62.4215087890625,104
2282,348,402,62.43715047836304,104
2283,339,392,62.452887773513794,104
2284,323,382,62.46853494644165,104
2285,311,377,62.48419141769409,104
2286,304,376,62.49982833862305,104
2287,298,376,62.51546573638916,104
2288,295,377,62.531100273132324,104
2289,289,381,62.54679727554321,104
2290,284,386,62.56245398521423,104
2291,279,398,62.578096866607666,104
2292,278,413,62.593777894973755,104
2293,278,430,62.609503984451294,104
2294,282,448,62.625158071517944,104
2295,291,465,62.6410186290741,104
2296,307,480,62.65658140182495,104
2297,346,501,62.67223143577576,104
2298,384,512,62.68788170814514,104
2299,409,514,62.703537464141846,104
2300,427,514,62.71920895576477,104
2301,435,514,62.73490643501282,104
2302,442,512,62.75067615509033,104
2303,449,508,62.766345739364624,104
2304,459,499,62.78198432922363,104
2305,468,488,62.79782772064209,104
2306,473,482,62.81329154968262,104
2307,480,468,62.82895302772522,104
2308,483,454,62.84461808204651,104
2309,483,439,62.86032772064209,104
2310,477,420,62.87596106529236,104
2311,462,401,62.89161562919617,104
2312,445,387,62.907243967056274,104
2313,428,378,62.922945737838745,104
2314,413,372,62.938576459884644,104
2315,396,369,62.95425724983215,104
2316,379,368,62.96991801261902,104
2317,356,367,62.98557162284851,104
2318,333,367,63.00121879577637,104
2319,315,372,63.016865253448486,104
2320,304,376,63.03250050544739,104
2321,288,388,63.0481481552124,104
2322,269,401,63.06378507614136,104
2323,311,481,63.22049617767334,105
2324,316,477,63.236162185668945,105
2325,317,474,63.251793384552,105
2326,325,444,63.267428398132324,105
2327,325,409,63.285088539123535,105
2328,310,331,63.314655780792236,105
2329,281,285,63.330389738082886,105
2330,237,251,63.36210918426514,106
2331,236,251,63.37778377532959,106
2332,234,251,63.39341425895691,106
2333,234,253,63.409196615219116,106
2334,233,256,63.424843311309814,106
2335,232,268,63.44076633453369,106
2336,232,278,63.45639610290527,106
2337,232,297,63.4723265171051,106
2338,231,309,63.48831558227539,106
2339,231,328,63.50425887107849,106
2340,234,358,63.520397663116455,106
2341,244,376,63.53640294075012,106
2342,261,395,63.55239939689636,106
2343,271,402,63.56831955909729,106
2344,302,420,63.58409309387207,106
2345,338,429,63.599889516830444,106
2346,382,436,63.61566495895386,106
2347,415,437,63.63145995140076,106
2348,440,436,63.647645711898804,106
2349,459,432,63.663615226745605,106
2350,471,424,63.67980098724365,106
2351,477,414,63.69597792625427,106
2352,482,398,63.71215605735779,106
2353,486,379,63.7283148765564,106
2354,488,362,63.744460582733154,106
2355,489,344,63.76058578491211,106
2356,486,321,63.776246070861816,106
2357,474,294,63.79170846939087,106
2358,455,269,63.80737590789795,106
2359,431,245,63.82303261756897,106
2360,403,225,63.83866858482361,106
2361,376,213,63.85432267189026,106
2362,356,208,63.86999702453613,106
2363,339,207,63.88563942909241,106
2364,334,207,63.90127348899841,106
2365,330,210,63.91693568229675,106
2366,319,219,63.932581186294556,106
2367,299,238,63.94829082489014,106
2368,273,263,63.96392869949341,106
2369,243,286,63.979607343673706,106
2370,217,299,63.995264530181885,106
2371,206,302,64.16755819320679,107
2372,205,302,64.21461772918701,107
2373,205,304,64.23058724403381,107
2374,198,319,64.24632167816162,107
2375,192,348,64.26197671890259,107
2376,189,391,64.27768182754517,107
2377,188,425,64.29332971572876,107
2378,194,451,64.30897688865662,107
2379,203,471,64.32463955879211,107
2380,207,476,64.3402693271637,107
2381,220,485,64.35611343383789,107
2382,237,489,64.37156081199646,107
2383,262,490,64.38719201087952,107
2384,290,484,64.40304231643677,107
2385,320,474,64.41852140426636,107
2386,352,461,64.4341893196106,107
2387,371,446,64.44984030723572,107
2388,384,425,64.46549248695374,107
2389,386,411,64.48114585876465,107
2390,387,392,64.49677562713623,107
2391,381,369,64.51245880126953,107
2392,369,348,64.5282073020935,107
2393,353,324,64.5439465045929,107
2394,323,305,64.55973219871521,107
2395,297,293,64.57521462440491,107
2396,283,288,64.5908694267273,107
2397,275,287,64.60653686523438,107
2398,273,287,64.6221935749054,107
2399,267,290,64.63782334327698,107
2400,258,299,64.6535005569458,107
2401,240,314,64.66956186294556,107
2402,215,340,64.68521976470947,107
2403,198,360,64.7008650302887,107
2404,185,378,64.71652245521545,107
2405,177,400,64.73220014572144,107
2406,173,424,64.74817895889282,107
2407,176,449,64.76383876800537,107
2408,186,473,64.77964854240417,107
2409,199,493,64.79512190818787,107
2410,210,502,64.81110763549805,107
2411,222,507,64.82674837112427,107
2412,240,508,64.8424551486969,107
2413,272,498,64.85828304290771,107
2414,308,472,64.87392282485962,107
2415,189,281,65.03064846992493,108
2416,177,280,65.04630494117737,108
2417,168,283,65.06193685531616,108
2418,151,295,65.0775785446167,108
2419,132,311,65.09322118759155,108
2420,114,335,65.10888957977295,108
2421,100,366,65.12454748153687,108
2422,89,407,65.14019107818604,108
2423,94,461,65.15585136413574,108
2424,119,518,65.17149543762207,108
2425,167,574,65.18712306022644,108
2426,229,613,65.2028272151947,108
2427,298,640,65.21845889091492,108
2428,356,641,65.23413395881653,108
2429,382,638,65.24977159500122,108
2430,427,620,65.26541376113892,108
2431,461,593,65.28155040740967,108
2432,484,562,65.29696917533875,108
2433,500,522,65.31262278556824,108
2434,508,488,65.32827520370483,108
2435,510,464,65.34391379356384,108
2436,510,440,65.35954236984253,108
2437,504,418,65.37519264221191,108
2438,490,393,65.3910391330719,108
2439,465,363,65.4064953327179,108
2440,430,332,65.42213559150696,108
2441,380,305,65.43780636787415,108
2442,335,290,65.45344591140747,108
2443,307,285,65.4691252708435,108
2444,286,282,65.48476433753967,108
2445,270,284,65.50042986869812,108
2446,258,289,65.51608371734619,108
2447,248,301,65.53171944618225,108
2448,232,323,65.54737854003906,108
2449,219,336,65.56302070617676,108
2450,197,358,65.5786669254303,108
2451,180,373,65.5942952632904,108
2452,171,385,65.60993099212646,108
2453,170,394,65.62558031082153,108
2454,174,406,65.64121055603027,108
2455,188,416,65.65686631202698,108
2456,207,420,65.67287564277649,108
2457,324,353,65.86090421676636,109
2458,320,357,65.87621879577637,109
2459,317,370,65.89185667037964,109
2460,313,393,65.90787267684937,109
2461,314,421,65.92359900474548,109
2462,328,462,65.94110226631165,109
2463,361,504,65.95724487304688,109
2464,390,522,65.97298741340637,109
2465,422,531,65.98940587043762,109
2466,535,523,66.01896905899048,109
2467,579,510,66.03488945960999,109
2468,602,496,66.05266833305359,109
2469,621,477,66.06847167015076,109
2470,628,453,66.08485579490662,109
2471,630,433,66.1017587184906,109
2472,630,385,66.12942910194397,109
2473,626,359,66.14555239677429,109
2474,619,338,66.16142058372498,109
2475,606,316,66.17739582061768,109
2476,577,286,66.19354486465454,109
2477,539,263,66.20944881439209,109
2478,510,254,66.22521829605103,109
2479,485,248,66.24102783203125,109
2480,460,247,66.25678777694702,109
2481,437,249,66.27260255813599,109
2482,418,255,66.28867220878601,109
2483,397,263,66.3048107624054,109
2484,373,280,66.32098054885864,109
2485,351,304,66.33720588684082,109
2486,338,331,66.35306215286255,109
2487,330,357,66.36904811859131,109
2488,327,377,66.38486909866333,109
2489,328,398,66.40067315101624,109
2490,336,432,66.41645383834839,109
2491,359,472,66.43241357803345,109
2492,373,487,66.44820666313171,109
2493,410,533,66.46399235725403,109
2494,462,566,66.47978472709656,109
2495,533,587,66.49595904350281,109
2496,563,588,66.51180171966553,109
2497,612,585,66.52778196334839,109
2498,659,570,66.54401731491089,109
2499,710,541,66.56000113487244,109
2500,740,504,66.5759482383728,109
2501,752,448,66.59171319007874,109
2502,752,405,66.60750341415405,109
2503,734,355,66.62327575683594,109
2504,687,305,66.63917398452759,109
2505,609,254,66.65532946586609,109
2506,328,251,66.75108933448792,110
2507,325,258,66.76699590682983,110
2508,320,269,66.78278422355652,110
2509,318,273,66.79858207702637,110
2510,317,275,66.81449007987976,110
2511,314,280,66.83035731315613,110
2512,310,287,66.84659218788147,110
2513,299,304,66.8626344203949,110
2514,285,320,66.8787899017334,110
2515,275,345,66.89494776725769,110
2516,269,371,66.9110369682312,110
2517,265,393,66.92680931091309,110
2518,267,419,66.94263362884521,110
2519,278,437,66.9585747718811,110
2520,295,456,66.97433757781982,110
2521,327,475,66.9901340007782,110
2522,354,492,67.00590872764587,110
2523,381,502,67.02170586585999,110
2524,414,512,67.03747129440308,110
2525,463,512,67.05326390266418,110
2526,508,514,67.0690233707428,110
2527,544,503,67.08480858802795,110
2528,560,491,67.10058331489563,110
2529,564,482,67.11634469032288,110
2530,566,461,67.13212823867798,110
2531,566,433,67.14803624153137,110
2532,560,393,67.16407418251038,110
2533,553,344,67.18004822731018,110
2534,543,301,67.19549775123596,110
2535,519,261,67.21112608909607,110
2536,487,227,67.22675776481628,110
2537,433,194,67.24260067939758,110
2538,364,171,67.25807428359985,110
2539,280,160,67.27371907234192,110
2540,141,428,67.41421413421631,111
2541,158,442,67.42988204956055,111
2542,193,459,67.44573378562927,111
2543,211,466,67.46121001243591,111
2544,271,475,67.47685885429382,111
2545,334,475,67.49252510070801,111
2546,396,465,67.50819993019104,111
2547,422,458,67.52388954162598,111
2548,451,446,67.53953552246094,111
2549,468,434,67.55518865585327,111
2550,476,416,67.57083034515381,111
2551,483,397,67.5864806175232,111
2552,485,378,67.6021499633789,111
2553,486,353,67.61780166625977,111
2554,484,330,67.63346743583679,111
2555,474,306,67.64912223815918,111
2556,455,288,67.6647515296936,111
2557,297,274,67.7430067062378,112
2558,275,295,67.75868153572083,112
2559,262,322,67.77431273460388,112
2560,254,348,67.78997874259949,112
2561,253,378,67.80562782287598,112
2562,261,427,67.82145643234253,112
2563,300,489,67.83691883087158,112
2564,354,544,67.85255241394043,112
2565,421,584,67.86818838119507,112
2566,490,598,67.88385820388794,112
2567,548,595,67.89952969551086,112
2568,592,582,67.91519260406494,112
2569,613,559,67.93083024024963,112
2570,626,526,67.94648313522339,112
2571,630,470,67.96216320991516,112
2572,631,420,67.97787165641785,112
2573,438,326,68.07284188270569,113
2574,427,331,68.08919954299927,113
2575,409,343,68.10455250740051,113
2576,396,361,68.12022256851196,113
2577,392,382,68.13592839241028,113
2578,391,407,68.15297722816467,113
2579,415,465,68.18493843078613,113
2580,433,485,68.20004200935364,113
2581,485,505,68.23061060905457,113
2582,508,503,68.24633312225342,113
2583,522,492,68.26217746734619,113
2584,534,472,68.27830219268799,113
2585,542,449,68.29405164718628,113
2586,545,425,68.3138632774353,113
2587,323,294,68.45883393287659,114
2588,297,318,68.48398017883301,114
2589,291,334,68.50206756591797,114
2590,288,365,68.51767635345459,114
2591,294,399,68.53788733482361,114
2592,338,488,68.56330275535583,114
2593,379,530,68.57903909683228,114
2594,433,555,68.59589552879333,114
2595,541,547,68.62661862373352,114
2596,614,514,68.64377450942993,114
2597,655,476,68.65983653068542,114
2598,681,435,68.67707085609436,114
2599,693,380,68.69999718666077,114
2600,689,350,68.71503782272339,114
2601,549,283,68.81149673461914,115
2602,527,291,68.83103036880493,115
2603,514,303,68.85294890403748,115
2604,501,324,68.86891436576843,115
2605,491,349,68.8843834400177,115
2606,490,374,68.90024781227112,115
2607,497,414,68.9212019443512,115
2608,515,450,68.94136309623718,115
2609,542,478,68.95684885978699,115
2610,570,497,68.97210383415222,115
2611,592,498,68.98864769935608,115
2612,610,495,69.00508165359497,115
2613,642,462,69.03559565544128,115
2614,651,436,69.05391263961792,115
2615,651,373,69.08291602134705,115
2616,428,315,69.2072901725769,116
2617,422,334,69.22532320022583,116
2618,422,355,69.24430584907532,116
2619,432,418,69.27088594436646,116
2620,478,514,69.28858518600464,116
2621,501,533,69.30594897270203,116
2622,531,543,69.33479118347168,116
2623,553,541,69.351149559021,116
2624,589,525,69.37402105331421,116
2625,621,501,69.39233446121216,116
2626,644,464,69.41583275794983,116
2627,649,439,69.43190884590149,116
2628,649,418,69.4477002620697,116
2629,271,360,69.57466101646423,117
2630,262,379,69.59030604362488,117
2631,261,401,69.60596537590027,117
2632,272,422,69.62162113189697,117
2633,305,458,69.64146661758423,117
2634,408,526,69.66819834709167,117
2635,473,547,69.68789577484131,117
2636,521,549,69.70376014709473,117
2637,562,531,69.73900866508484,117
2638,571,506,69.76280307769775,117
2639,575,480,69.77784132957458,117
2640,574,447,69.79298305511475,117
2641,571,419,69.80863761901855,117
2642,289,353,69.91816878318787,118
2643,281,364,69.93430590629578,118
2644,270,384,69.95377278327942,118
2645,269,429,69.9815320968628,118
2646,289,471,69.99718856811523,118
2647,318,506,70.01483464241028,118
2648,354,530,70.03479933738708,118
2649,416,537,70.06043696403503,118
2650,458,522,70.07608366012573,118
2651,508,498,70.09274053573608,118
2652,543,465,70.10792541503906,118
2653,554,451,70.12360215187073,118
2654,573,406,70.13923859596252,118
2655,585,372,70.15488576889038,118
2656,451,331,70.26440596580505,119
2657,426,341,70.28007388114929,119
2658,405,355,70.29570746421814,119
2659,393,367,70.31147289276123,119
2660,387,382,70.32711696624756,119
2661,387,406,70.3428328037262,119
2662,403,437,70.35864663124084,119
2663,437,477,70.37413835525513,119
2664,482,503,70.38978719711304,119
2665,514,513,70.40541648864746,119
2666,527,515,70.42105317115784,119
2667,551,513,70.43697905540466,119
2668,576,507,70.45262312889099,119
2669,596,497,70.46828556060791,119
2670,621,468,70.4839346408844,119
2671,644,423,70.499582529068,119
2672,663,376,70.5152657032013,119
2673,665,346,70.53095364570618,119
2674,649,313,70.54664587974548,119
2675,341,277,70.65638136863708,120
2676,328,298,70.67202377319336,120
2677,324,321,70.68784642219543,120
2678,328,355,70.70330286026001,120
2679,333,377,70.71898221969604,120
2680,350,417,70.73466444015503,120
2681,390,466,70.75030374526978,120
2682,444,497,70.76594090461731,120
2683,498,513,70.78157424926758,120
2684,549,518,70.79720878601074,120
2685,586,516,70.81283974647522,120
2686,613,506,70.82851219177246,120
2687,636,487,70.84414339065552,120
2688,643,472,70.85978722572327,120
2689,649,449,70.8754153251648,120
2690,649,424,70.89106965065002,120
2691,480,323,71.01650762557983,121
2692,466,330,71.0321626663208,121
2693,447,344,71.04779624938965,121
2694,434,366,71.06346297264099,121
2695,426,389,71.07909488677979,121
2696,424,413,71.09479594230652,121
2697,427,439,71.11057257652283,121
2698,435,461,71.12625002861023,121
2699,448,481,71.14196395874023,121
2700,477,496,71.15761089324951,121
2701,516,503,71.17326641082764,121
2702,572,505,71.1888952255249,121
2703,632,486,71.20453810691833,121
2704,687,447,71.22018337249756,121
2705,715,412,71.23583507537842,121
2706,452,238,71.39241814613342,122
2707,432,252,71.40807437896729,122
2708,413,278,71.42372035980225,122
2709,402,304,71.43940997123718,122
2710,395,339,71.45758438110352,122
2711,413,416,71.48683142662048,122
2712,434,437,71.50231194496155,122
2713,449,446,71.51795363426208,122
2714,468,447,71.53359937667847,122
2715,496,442,71.54930305480957,122
2716,533,424,71.56511998176575,122
2717,578,391,71.5810227394104,122
2718,608,361,71.59667420387268,122
2719,626,333,71.61230731010437,122
2720,632,317,71.6279616355896,122
2721,417,222,71.75322365760803,123
2722,393,236,71.76887583732605,123
2723,375,263,71.78461074829102,123
2724,366,290,71.800222158432,123
2725,368,320,71.81589317321777,123
2726,379,348,71.83154225349426,123
2727,408,381,71.84718227386475,123
2728,444,412,71.86282062530518,123
2729,490,431,71.87846064567566,123
2730,552,440,71.89412474632263,123
2731,634,438,71.90981149673462,123
2732,711,419,71.92544102668762,123
2733,748,403,71.9410707950592,123
2734,783,374,71.95670533180237,123
2735,791,358,71.97235655784607,123
2736,792,336,71.98802471160889,123
2737,765,292,72.003653049469,123
2738,410,219,72.11326146125793,124
2739,405,234,72.1289176940918,124
2740,399,255,72.14478993415833,124
2741,397,276,72.16442894935608,124
2742,415,331,72.19175052642822,124
2743,460,380,72.20787119865417,124
2744,470,389,72.22351408004761,124
2745,497,409,72.23914241790771,124
2746,521,414,72.25480914115906,124
2747,545,416,72.27043747901917,124
2748,559,412,72.28607296943665,124
2749,569,394,72.30172085762024,124
2750,574,366,72.31748747825623,124
2751,574,333,72.33322191238403,124
2752,572,296,72.34928178787231,124
2753,80,376,72.4749231338501,125
2754,74,393,72.49060320854187,125
2755,77,417,72.50632309913635,125
2756,106,465,72.522221326828,125
2757,167,516,72.53793215751648,125
2758,238,548,72.55364871025085,125
2759,330,573,72.56933832168579,125
2760,343,573,72.58506679534912,125
2761,398,568,72.60075449943542,125
2762,454,555,72.61649346351624,125
2763,484,543,72.6321713924408,125
2764,508,523,72.64780616760254,125
2765,513,500,72.66386198997498,125
2766,512,467,72.67958641052246,125
2767,505,426,72.69523334503174,125
2768,306,349,72.80546283721924,126
2769,288,376,72.82129430770874,126
2770,280,404,72.83732604980469,126
2771,283,440,72.85301995277405,126
2772,298,499,72.86871361732483,126
2773,330,548,72.88441300392151,126
2774,356,568,72.90007758140564,126
2775,378,575,72.91576719284058,126
2776,401,576,72.93143916130066,126
2777,432,567,72.94736790657043,126
2778,450,557,72.96280908584595,126
2779,470,538,72.97845244407654,126
2780,484,511,72.9941189289093,126
2781,494,482,73.00980186462402,126
2782,494,447,73.02543878555298,126
2783,193,382,73.13528752326965,127
2784,185,403,73.15093040466309,127
2785,185,426,73.16656446456909,127
2786,197,445,73.18223285675049,127
2787,229,471,73.19789528846741,127
2788,277,491,73.21392965316772,127
2789,317,499,73.22962141036987,127
2790,344,501,73.24534845352173,127
2791,368,493,73.26108980178833,127
2792,381,480,73.27673673629761,127
2793,391,460,73.2923800945282,127
2794,394,451,73.30805587768555,127
2795,397,433,73.32373690605164,127
2796,400,410,73.33937788009644,127
2797,347,370,73.44924211502075,128
2798,326,392,73.46505427360535,128
2799,314,416,73.48075294494629,128
2800,307,440,73.49639916419983,128
2801,308,464,73.51206731796265,128
2802,316,488,73.52785062789917,128
2803,337,509,73.54355549812317,128
2804,366,521,73.55921411514282,128
2805,398,523,73.57488131523132,128
2806,437,520,73.59052848815918,128
2807,470,512,73.6062364578247,128
2808,528,482,73.62192225456238,128
2809,553,455,73.63761115074158,128
2810,560,433,73.65324378013611,128
2811,383,347,73.81430292129517,129
2812,370,386,73.84634327888489,129
2813,371,422,73.87605571746826,129
2814,381,435,73.89548349380493,129
2815,410,446,73.92057490348816,129
2816,419,447,73.93610858917236,129
2817,442,447,73.95202779769897,129
2818,471,441,73.96758031845093,129
2819,491,427,73.98327016830444,129
2820,505,407,73.99893450737,129
2821,507,383,74.01494812965393,129
2822,421,285,74.15625548362732,130
2823,411,291,74.17204427719116,130
2824,390,312,74.18755078315735,130
2825,371,339,74.20321440696716,130
2826,360,365,74.21907949447632,130
2827,356,395,74.23493027687073,130
2828,358,413,74.25059008598328,130
2829,362,419,74.2662365436554,130
2830,375,436,74.28192210197449,130
2831,398,453,74.29759383201599,130
2832,434,466,74.31322979927063,130
2833,473,464,74.32886528968811,130
2834,504,449,74.34454154968262,130
2835,522,430,74.3602135181427,130
2836,534,405,74.37584733963013,130
2837,541,376,74.39149022102356,130
2838,543,346,74.40713047981262,130
2839,308,219,74.53339552879333,131
2840,298,231,74.54858541488647,131
2841,286,256,74.56409430503845,131
2842,278,281,74.57974982261658,131
2843,274,314,74.59544897079468,131
2844,273,322,74.61112666130066,131
2845,278,348,74.62679767608643,131
2846,289,368,74.64244222640991,131
2847,302,379,74.65815377235413,131
2848,312,385,74.67402744293213,131
2849,323,386,74.68987536430359,131
2850,342,381,74.7055778503418,131
2851,375,362,74.72127771377563,131
2852,430,322,74.73698091506958,131
2853,479,276,74.7528235912323,131
2854,508,228,74.76848578453064,131
2855,348,153,74.9102201461792,132
2856,344,163,74.92585277557373,132
2857,339,187,74.94151043891907,132
2858,336,210,74.9571807384491,132
2859,342,261,74.97286343574524,132
2860,355,317,74.9885745048523,132
2861,374,373,75.00425791740417,132
2862,396,403,75.01995372772217,132
2863,414,412,75.03572177886963,132
2864,427,416,75.05138945579529,132
2865,434,412,75.06702971458435,132
2866,447,399,75.08266806602478,132
2867,474,372,75.0983395576477,132
2868,521,318,75.11399054527283,132
2869,563,258,75.12966442108154,132
2870,573,222,75.1457850933075,132
2871,404,174,75.25582480430603,133
2872,391,190,75.27149796485901,133
2873,389,198,75.28713774681091,133
2874,384,230,75.30296659469604,133
2875,392,275,75.31846594810486,133
2876,410,332,75.33409523963928,133
2877,448,374,75.34974789619446,133
2878,475,389,75.36541414260864,133
2879,498,393,75.38150143623352,133
2880,518,393,75.39695835113525,133
2881,536,387,75.4126226902008,133
2882,558,361,75.42827773094177,133
2883,572,334,75.44414353370667,133
2884,585,295,75.45979285240173,133
2885,587,264,75.47552633285522,133
2886,225,194,75.61766600608826,134
2887,225,229,75.63330745697021,134
2888,229,250,75.64928913116455,134
2889,247,296,75.66485500335693,134
2890,276,337,75.68032455444336,134
2891,308,372,75.69606328010559,134
2892,340,391,75.71171379089355,134
2893,372,398,75.72742223739624,134
2894,404,394,75.74314260482788,134
2895,433,381,75.75877618789673,134
2896,454,359,75.77462697029114,134
2897,468,330,75.79009461402893,134
2898,474,299,75.80593657493591,134
2899,390,202,75.91556930541992,135
2900,379,209,75.93121385574341,135
2901,347,237,75.94689106941223,135
2902,301,278,75.96274900436401,135
2903,262,331,75.97818803787231,135
2904,238,385,75.99386405944824,135
2905,231,426,76.00949263572693,135
2906,239,454,76.02512288093567,135
2907,251,466,76.04079532623291,135
2908,278,474,76.05645847320557,135
2909,319,474,76.07227921485901,135
2910,372,463,76.08796334266663,135
2911,423,444,76.1036376953125,135
2912,465,421,76.11954641342163,135
2913,493,399,76.13501811027527,135
2914,501,379,76.15067410469055,135
2915,343,271,76.2943787574768,136
2916,301,331,76.32523441314697,136
2917,269,427,76.35473203659058,136
2918,269,464,76.37039756774902,136
2919,283,497,76.38638401031494,136
2920,314,532,76.40222358703613,136
2921,348,554,76.41810274124146,136
2922,374,560,76.4341127872467,136
2923,402,556,76.4498119354248,136
2924,443,547,76.46548223495483,136
2925,470,532,76.48120164871216,136
2926,489,513,76.49693083763123,136
2927,499,489,76.5128083229065,136
2928,504,461,76.52829051017761,136
2929,507,424,76.54397058486938,136
2930,351,306,76.65517711639404,137
2931,342,321,76.67782378196716,137
2932,337,355,76.70081758499146,137
2933,341,382,76.71648359298706,137
2934,360,418,76.73211789131165,137
2935,391,454,76.74775314331055,137
2936,423,478,76.76339983940125,137
2937,458,495,76.7792296409607,137
2938,502,501,76.79467701911926,137
2939,526,497,76.8103244304657,137
2940,541,487,76.82596158981323,137
2941,550,466,76.84159326553345,137
2942,556,441,76.857253074646,137
2943,562,399,76.87292861938477,137
2944,369,306,77.01400184631348,138
2945,360,314,77.02965664863586,138
2946,348,335,77.04534959793091,138
2947,343,354,77.06100726127625,138
2948,345,384,77.07664442062378,138
2949,356,428,77.09236431121826,138
2950,375,469,77.1081862449646,138
2951,413,500,77.12380599975586,138
2952,453,518,77.13928604125977,138
2953,487,524,77.15491604804993,138
2954,512,515,77.17059469223022,138
2955,525,506,77.18625831604004,138
2956,539,492,77.20194435119629,138
2957,549,469,77.217618227005,138
2958,554,439,77.23327994346619,138
2959,552,415,77.24901509284973,138
2960,540,390,77.2646872997284,138
2961,249,314,77.35878133773804,139
2962,248,318,77.37442016601562,139
2963,246,330,77.39008069038391,139
2964,247,354,77.40575051307678,139
2965,268,400,77.42174077033997,139
2966,305,459,77.43753933906555,139
2967,343,494,77.45340824127197,139
2968,371,505,77.46919059753418,139
2969,397,510,77.48465061187744,139
2970,408,510,77.50034070014954,139
2971,453,501,77.51602101325989,139
2972,491,484,77.53169918060303,139
2973,513,468,77.54760384559631,139
2974,539,442,77.56324934959412,139
2975,551,415,77.57888269424438,139
2976,559,386,77.59462308883667,139
2977,560,362,77.6102888584137,139
2978,350,290,77.71993923187256,140
2979,344,304,77.73605346679688,140
2980,335,334,77.7517020702362,140
2981,330,374,77.76733469963074,140
2982,330,409,77.78314590454102,140
2983,342,450,77.79895496368408,140
2984,361,480,77.81444811820984,140
2985,379,494,77.83016991615295,140
2986,402,500,77.84587717056274,140
2987,428,502,77.86158514022827,140
2988,459,502,77.87767434120178,140
2989,486,494,77.89338755607605,140
2990,495,491,77.90906286239624,140
2991,510,478,77.92471194267273,140
2992,521,456,77.9405369758606,140
2993,525,434,77.95614314079285,140
2994,524,414,77.97189378738403,140
2995,272,346,78.11338973045349,141
2996,248,363,78.1290192604065,141
2997,239,383,78.14484238624573,141
2998,233,410,78.16076326370239,141
2999,235,439,78.17640042304993,141
3000,245,476,78.19203639030457,141
3001,260,497,78.20769619941711,141
3002,269,503,78.22334361076355,141
3003,288,511,78.23897528648376,141
3004,314,514,78.25465750694275,141
3005,353,515,78.27030897140503,141
3006,399,510,78.28597831726074,141
3007,445,497,78.30165386199951,141
3008,477,473,78.31730198860168,141
3009,498,448,78.33315634727478,141
3010,509,421,78.34864616394043,141
3011,321,361,78.53700637817383,142
3012,317,373,78.5530161857605,142
3013,314,395,78.56868934631348,142
3014,313,416,78.58439826965332,142
3015,319,445,78.6000862121582,142
3016,333,474,78.61572742462158,142
3017,359,502,78.63142991065979,142
3018,383,514,78.64708709716797,142
3019,403,520,78.6629912853241,142
3020,423,521,78.67870664596558,142
3021,441,521,78.69433975219727,142
3022,456,511,78.71003079414368,142
3023,470,495,78.72573733329773,142
3024,479,473,78.74139189720154,142
3025,485,446,78.75703644752502,142
3026,495,401,78.77268147468567,142
3027,449,296,78.88235545158386,143
3028,441,296,78.8980062007904,143
3029,422,300,78.91366863250732,143
3030,398,310,78.92930603027344,143
3031,377,324,78.94497275352478,143
3032,359,343,78.96063041687012,143
3033,348,362,78.97632789611816,143
3034,343,385,78.99198698997498,143
3035,340,417,79.01088261604309,143
3036,360,468,79.03894257545471,143
3037,377,483,79.05462527275085,143
3038,394,488,79.07031655311584,143
3039,418,490,79.08596587181091,143
3040,461,487,79.1016800403595,143
3041,507,475,79.11749720573425,143
3042,537,454,79.13328838348389,143
3043,557,425,79.14901089668274,143
3044,455,266,79.30765128135681,144
3045,440,283,79.33707523345947,144
3046,424,305,79.35319185256958,144
3047,414,325,79.37190580368042,144
3048,390,371,79.40390634536743,144
3049,393,417,79.43152379989624,144
3050,410,438,79.44726967811584,144
3051,438,458,79.4629123210907,144
3052,461,465,79.4785544872284,144
3053,497,464,79.49429774284363,144
3054,516,459,79.51000452041626,144
3055,537,451,79.52574443817139,144
3056,555,438,79.54144358634949,144
3057,569,414,79.55712485313416,144
3058,326,212,79.7454924583435,145
3059,302,234,79.76131558418274,145
3060,278,263,79.77700471878052,145
3061,268,273,79.79266905784607,145
3062,234,317,79.80851912498474,145
3063,226,328,79.82399916648865,145
3064,216,348,79.83964776992798,145
3065,214,366,79.85545921325684,145
3066,223,389,79.87118220329285,145
3067,274,425,79.88680648803711,145
3068,367,458,79.90249300003052,145
3069,471,466,79.918377161026,145
3070,555,468,79.93405270576477,145
3071,620,463,79.94972968101501,145
3072,605,278,80.15333104133606,146
3073,583,271,80.16899824142456,146
3074,559,266,80.18466663360596,146
3075,535,264,80.20075535774231,146
3076,515,264,80.216233253479,146
3077,496,265,80.23202419281006,146
3078,474,268,80.24787831306458,146
3079,454,274,80.26332807540894,146
3080,431,286,80.27896308898926,146
3081,406,303,80.29466152191162,146
3082,384,324,80.3103084564209,146
3083,370,345,80.32615160942078,146
3084,363,362,80.34171223640442,146
3085,362,375,80.3574652671814,146
3086,362,381,80.37353682518005,146
3087,363,384,80.38924384117126,146
3088,366,386,80.4049460887909,146
3089,493,406,80.53028297424316,147
3090,495,404,80.54593443870544,147
3091,499,399,80.56159281730652,147
3092,505,389,80.57725048065186,147
3093,514,375,80.59299349784851,147
3094,521,355,80.60869312286377,147
3095,528,332,80.6245653629303,147
3096,529,311,80.6401035785675,147
3097,483,238,80.7566168308258,148
3098,467,247,80.78178763389587,148
3099,453,258,80.79744124412537,148
3100,436,276,80.81343245506287,148
3101,427,286,80.82907843589783,148
3102,409,313,80.84475517272949,148
3103,390,338,80.86048865318298,148
3104,378,364,80.8762035369873,148
3105,373,387,80.89186668395996,148
3106,373,409,80.90752220153809,148
3107,379,430,80.92348957061768,148
3108,393,448,80.93904709815979,148
3109,414,466,80.95469379425049,148
3110,459,478,80.97096681594849,148
3111,510,484,80.98646783828735,148
3112,566,489,81.00214314460754,148
3113,617,488,81.01784586906433,148
3114,645,479,81.03349041938782,148
3115,654,466,81.04916262626648,148
3116,656,450,81.06484413146973,148
3117,656,427,81.08051609992981,148
3118,646,393,81.09616684913635,148
3119,620,346,81.11195063591003,148
3120,422,264,81.23832106590271,149
3121,416,267,81.2539758682251,149
3122,398,280,81.2696442604065,149
3123,383,295,81.2852873802185,149
3124,367,319,81.30095553398132,149
3125,361,355,81.31780815124512,149
3126,367,404,81.33613896369934,149
3127,400,464,81.3641345500946,149
3128,414,478,81.37984275817871,149
3129,434,486,81.3954713344574,149
3130,460,486,81.41110682487488,149
3131,488,482,81.42675805091858,149
3132,517,470,81.44247317314148,149
3133,542,446,81.45810675621033,149
3134,557,418,81.47375130653381,149
3135,561,394,81.48939347267151,149
3136,561,366,81.50511980056763,149
3137,293,228,81.63053703308105,150
3138,272,250,81.64626479148865,150
3139,262,272,81.66203045845032,150
3140,254,295,81.67778468132019,150
3141,246,325,81.69343042373657,150
3142,246,347,81.70910596847534,150
3143,255,397,81.7248432636261,150
3144,266,428,81.74047708511353,150
3145,281,441,81.75611901283264,150
3146,306,449,81.77174973487854,150
3147,340,454,81.78741145133972,150
3148,398,452,81.8031895160675,150
3149,461,451,81.81885409355164,150
3150,493,446,81.83450889587402,150
3151,522,425,81.85024070739746,150
3152,531,400,81.86591744422913,150
3153,533,374,81.88163352012634,150
3154,400,235,82.0072591304779,151
3155,396,240,82.02290463447571,151
3156,381,263,82.03854250907898,151
3157,364,290,82.0541820526123,151
3158,346,332,82.06986927986145,151
3159,340,361,82.09033226966858,151
3160,349,423,82.11687541007996,151
3161,375,457,82.13256645202637,151
3162,392,479,82.14821887016296,151
3163,432,503,82.16386151313782,151
3164,468,512,82.17955875396729,151
3165,500,515,82.1952075958252,151
3166,546,504,82.21085691452026,151
3167,583,490,82.22649431228638,151
3168,613,465,82.24213528633118,151
3169,632,437,82.25780487060547,151
3170,638,409,82.27348303794861,151
3171,637,379,82.28912711143494,151
3172,622,334,82.30482149124146,151
3173,262,236,82.43043613433838,152
3174,259,257,82.44609713554382,152
3175,259,269,82.46173143386841,152
3176,263,293,82.47741770744324,152
3177,269,320,82.49324607849121,152
3178,287,347,82.50877380371094,152
3179,315,376,82.52444434165955,152
3180,360,404,82.54010653495789,152
3181,401,409,82.55596709251404,152
3182,430,408,82.57142901420593,152
3183,456,395,82.58707880973816,152
3184,473,375,82.60271620750427,152
3185,485,345,82.61839985847473,152
3186,493,322,82.63412237167358,152
3187,502,294,82.64980912208557,152
3188,330,255,82.82260727882385,153
3189,315,268,82.83825540542603,153
3190,292,306,82.85388708114624,153
3191,279,354,82.86965370178223,153
3192,281,410,82.88533568382263,153
3193,297,458,82.90107655525208,153
3194,321,487,82.91673302650452,153
3195,346,510,82.93241596221924,153
3196,368,518,82.94804620742798,153
3197,391,520,82.96372985839844,153
3198,417,513,82.9795548915863,153
3199,444,501,82.99538803100586,153
3200,481,471,83.01125812530518,153
3201,515,436,83.02703285217285,153
3202,545,396,83.04281616210938,153
3203,469,243,83.200040102005,154
3204,451,258,83.21570420265198,154
3205,438,276,83.23135876655579,154
3206,429,300,83.24780774116516,154
3207,425,348,83.26291799545288,154
3208,425,395,83.278648853302,154
3209,427,427,83.29430627822876,154
3210,435,445,83.30998063087463,154
3211,445,452,83.32565402984619,154
3212,458,454,83.3412926197052,154
3213,475,451,83.3574731349945,154
3214,500,439,83.37337017059326,154
3215,540,414,83.38909125328064,154
3216,579,379,83.40472054481506,154
3217,275,170,83.5957624912262,155
3218,264,209,83.62467193603516,155
3219,262,246,83.64185667037964,155
3220,274,335,83.67170929908752,155
3221,285,348,83.68736696243286,155
3222,307,362,83.70319747924805,155
3223,391,382,83.71915698051453,155
3224,424,387,83.73501324653625,155
3225,477,387,83.75046467781067,155
3226,520,377,83.76616883277893,155
3227,542,364,83.78180932998657,155
3228,552,341,83.79744744300842,155
3229,432,227,83.95644569396973,156
3230,365,265,83.98652529716492,156
3231,344,285,84.00218558311462,156
3232,327,310,84.0178611278534,156
3233,314,348,84.03350377082825,156
3234,312,383,84.04915261268616,156
3235,313,425,84.06481337547302,156
3236,330,466,84.0804991722107,156
3237,363,498,84.09633278846741,156
3238,389,511,84.112056016922,156
3239,411,512,84.12791419029236,156
3240,440,505,84.14358401298523,156
3241,451,498,84.15928363800049,156
3242,486,465,84.17494893074036,156
3243,515,434,84.1910183429718,156
3244,537,390,84.20675945281982,156
3245,548,356,84.22239875793457,156
3246,438,254,84.33386588096619,157
3247,413,276,84.3634021282196,157
3248,402,292,84.3790373802185,157
3249,393,313,84.39476943016052,157
3250,385,341,84.41582822799683,157
3251,389,438,84.44172024726868,157
3252,408,473,84.4573872089386,157
3253,420,481,84.47306108474731,157
3254,426,482,84.4887011051178,157
3255,442,474,84.50468444824219,157
3256,476,453,84.52055382728577,157
3257,525,411,84.53628087043762,157
3258,560,379,84.55191707611084,157
3259,580,355,84.5676064491272,157
3260,212,233,84.741135597229,158
3261,205,253,84.75732398033142,158
3262,203,279,84.77344036102295,158
3263,202,304,84.78933572769165,158
3264,209,337,84.80540180206299,158
3265,220,359,84.82138919830322,158
3266,231,381,84.83716559410095,158
3267,256,398,84.85295939445496,158
3268,318,413,84.86884546279907,158
3269,389,423,84.88454174995422,158
3270,444,422,84.90033769607544,158
3271,475,411,84.91640424728394,158
3272,495,388,84.93216967582703,158
3273,502,361,84.9483060836792,158
3274,412,251,85.09192776679993,159
3275,402,258,85.10771536827087,159
3276,375,279,85.12353920936584,159
3277,346,308,85.13947081565857,159
3278,327,338,85.15556836128235,159
3279,321,363,85.17178916931152,159
3280,323,411,85.18803095817566,159
3281,335,445,85.20413637161255,159
3282,353,468,85.2198839187622,159
3283,374,479,85.23583626747131,159
3284,393,483,85.25184273719788,159
3285,402,481,85.26775741577148,159
3286,411,472,85.28370642662048,159
3287,424,457,85.29948472976685,159
3288,443,430,85.3152596950531,159
3289,463,392,85.33103537559509,159
3290,482,351,85.34679770469666,159
3291,492,313,85.36258554458618,159
3292,358,245,85.4897084236145,160
3293,354,252,85.5055627822876,160
3294,347,269,85.52124643325806,160
3295,347,291,85.53711867332458,160
3296,356,319,85.55259084701538,160
3297,380,355,85.5682315826416,160
3298,422,396,85.58388423919678,160
3299,463,427,85.59975981712341,160
3300,490,440,85.61522626876831,160
3301,541,454,85.63086080551147,160
3302,586,457,85.64652848243713,160
3303,618,456,85.66219091415405,160
3304,634,447,85.6778826713562,160
3305,642,433,85.69372034072876,160
3306,650,410,85.70963406562805,160
3307,656,379,85.72533345222473,160
3308,338,376,85.86790776252747,161
3309,320,394,85.88531422615051,161
3310,289,457,85.91482925415039,161
3311,289,479,85.93052935600281,161
3312,297,498,85.94616770744324,161
3313,310,514,85.96189212799072,161
3314,326,523,85.9777319431305,161
3315,347,526,85.99345016479492,161
3316,360,526,86.00910234451294,161
3317,388,522,86.0247859954834,161
3318,425,508,86.0404589176178,161
3319,459,489,86.05612802505493,161
3320,482,470,86.07182264328003,161
3321,494,450,86.0875129699707,161
3322,501,431,86.10332584381104,161
3323,503,406,86.11888575553894,161
3324,498,374,86.13454484939575,161
3325,324,294,86.24494814872742,162
3326,320,308,86.26062750816345,162
3327,315,331,86.276296377182,162
3328,310,348,86.29193162918091,162
3329,307,370,86.30758261680603,162
3330,306,385,86.32322263717651,162
3331,310,413,86.33906245231628,162
3332,318,438,86.35455799102783,162
3333,333,456,86.37045550346375,162
3334,354,470,86.38597822189331,162
3335,378,476,86.40146589279175,162
3336,426,479,86.4171085357666,162
3337,478,471,86.43275737762451,162
3338,524,449,86.448410987854,162
3339,561,414,86.46412897109985,162
3340,577,389,86.48010206222534,162
3341,580,372,86.49577903747559,162
3342,582,350,86.5114734172821,162
3343,581,330,86.52710962295532,162
3344,572,307,86.54277992248535,162
3345,554,282,86.55860304832458,162
3346,528,256,86.57405591011047,162
3347,496,235,86.58979892730713,162
3348,317,304,86.77861857414246,163
3349,315,315,86.79474544525146,163
3350,314,329,86.81084156036377,163
3351,314,342,86.82650852203369,163
3352,327,371,86.84227299690247,163
3353,351,419,86.85795331001282,163
3354,388,467,86.87363886833191,163
3355,407,485,86.8893051147461,163
3356,425,493,86.90500378608704,163
3357,441,497,86.9206874370575,163
3358,456,499,86.9363911151886,163
3359,469,496,86.9521541595459,163
3360,482,484,86.96804428100586,163
3361,501,466,86.98358583450317,163
3362,517,445,87.00128102302551,163
3363,539,402,87.03066897392273,163
3364,546,384,87.04632115364075,163
3365,552,362,87.06198191642761,163
3366,313,286,87.21912908554077,164
3367,300,308,87.23477935791016,164
3368,293,330,87.25045800209045,164
3369,292,358,87.26612782478333,164
3370,299,400,87.28184199333191,164
3371,317,441,87.29754400253296,164
3372,330,471,87.31319785118103,164
3373,346,494,87.32883143424988,164
3374,360,507,87.34448862075806,164
3375,370,510,87.36017727851868,164
3376,395,516,87.37627005577087,164
3377,428,516,87.39201307296753,164
3378,459,507,87.40770125389099,164
3379,491,486,87.42339015007019,164
3380,520,455,87.43903398513794,164
3381,539,414,87.45468330383301,164
3382,547,387,87.47041296958923,164
3383,553,355,87.48614454269409,164
3384,557,326,87.5018196105957,164
3385,377,254,87.62710165977478,165
3386,367,262,87.64350152015686,165
3387,342,295,87.67410564422607,165
3388,322,334,87.68976330757141,165
3389,315,360,87.70544385910034,165
3390,312,394,87.72115564346313,165
3391,322,444,87.73680472373962,165
3392,351,485,87.75255703926086,165
3393,388,515,87.7682933807373,165
3394,418,527,87.78396081924438,165
3395,447,527,87.79963493347168,165
3396,475,521,87.81575751304626,165
3397,504,510,87.83125591278076,165
3398,533,486,87.84691572189331,165
3399,558,453,87.8625590801239,165
3400,569,427,87.87820649147034,165
3401,372,243,88.05247354507446,166
3402,356,250,88.06755995750427,166
3403,337,267,88.08344531059265,166
3404,322,287,88.09956979751587,166
3405,308,308,88.11544752120972,166
3406,298,334,88.1312985420227,166
3407,296,359,88.1470353603363,166
3408,300,389,88.16281461715698,166
3409,318,417,88.17890691757202,166
3410,340,438,88.19477462768555,166
3411,368,450,88.21071815490723,166
3412,400,452,88.22640919685364,166
3413,431,450,88.2421646118164,166
3414,482,430,88.25822138786316,166
3415,531,396,88.27421712875366,166
3416,560,366,88.2900288105011,166
3417,571,347,88.306143283844,166
3418,411,213,88.46479916572571,167
3419,406,216,88.48085165023804,167
3420,393,229,88.4964849948883,167
3421,378,251,88.51212406158447,167
3422,372,272,88.52807211875916,167
3423,364,292,88.54374265670776,167
3424,362,302,88.55950808525085,167
3425,364,339,88.5753538608551,167
3426,386,382,88.59147691726685,167
3427,434,422,88.60750031471252,167
3428,462,436,88.62328839302063,167
3429,516,450,88.63921618461609,167
3430,565,450,88.65517854690552,167
3431,601,442,88.67118978500366,167
3432,620,430,88.68739748001099,167
3433,631,418,88.70352029800415,167
3434,639,398,88.71976637840271,167
3435,642,373,88.73551082611084,167
3436,644,348,88.75148105621338,167
3437,382,240,88.89300608634949,168
3438,376,246,88.90863966941833,168
3439,360,266,88.9243414402008,168
3440,348,289,88.94006061553955,168
3441,340,314,88.95605134963989,168
3442,339,343,88.97194528579712,168
3443,351,382,88.98794150352478,168
3444,369,419,89.00404286384583,168
3445,383,432,89.01999735832214,168
3446,396,439,89.03608083724976,168
3447,421,442,89.05206990242004,168
3448,447,441,89.06819820404053,168
3449,474,428,89.08416533470154,168
3450,499,410,89.09994673728943,168
3451,517,386,89.11607336997986,168
3452,527,366,89.1321907043457,168
3453,532,347,89.14816522598267,168
3454,331,278,89.29188370704651,169
3455,322,292,89.30770206451416,169
3456,318,310,89.32348251342773,169
3457,317,318,89.33926892280579,169
3458,315,344,89.3550763130188,169
3459,315,367,89.37124752998352,169
3460,324,392,89.38742709159851,169
3461,341,414,89.4032416343689,169
3462,368,432,89.4191882610321,169
3463,409,450,89.43536400794983,169
3464,457,455,89.45173239707947,169
3465,506,451,89.46745252609253,169
3466,550,430,89.48363447189331,169
3467,580,400,89.49931049346924,169
3468,593,375,89.51534962654114,169
3469,594,354,89.53118419647217,169
3470,345,316,89.68924188613892,170
3471,336,347,89.70505118370056,170
3472,336,373,89.72117853164673,170
3473,342,399,89.73700666427612,170
3474,350,428,89.7528076171875,170
3475,374,462,89.7686071395874,170
3476,397,480,89.78432488441467,170
3477,431,488,89.80046558380127,170
3478,448,488,89.8163070678711,170
3479,467,484,89.83223032951355,170
3480,488,475,89.84802103042603,170
3481,503,458,89.86383843421936,170
3482,516,434,89.87983846664429,170
3483,528,408,89.89583468437195,170
3484,534,383,89.91169786453247,170
3485,534,358,89.92738771438599,170
3486,531,336,89.943284034729,170
3487,354,323,90.07050156593323,171
3488,350,346,90.08634781837463,171
3489,347,371,90.10414385795593,171
3490,364,425,90.133962392807,171
3491,389,459,90.15010738372803,171
3492,409,480,90.16627025604248,171
3493,429,487,90.18214797973633,171
3494,442,489,90.19801306724548,171
3495,453,488,90.21391320228577,171
3496,461,484,90.22976160049438,171
3497,471,473,90.24572253227234,171
3498,482,458,90.26154589653015,171
3499,492,437,90.2774407863617,171
3500,499,415,90.29342818260193,171
3501,504,398,90.30962204933167,171
3502,239,319,90.45884108543396,172
3503,230,366,90.48427486419678,172
3504,235,401,90.49992275238037,172
3505,258,455,90.51588797569275,172
3506,294,509,90.53201603889465,172
3507,326,535,90.54790544509888,172
3508,357,541,90.56378364562988,172
3509,388,543,90.5798270702362,172
3510,419,540,90.59584522247314,172
3511,445,532,90.61184573173523,172
3512,468,525,90.62756037712097,172
3513,491,503,90.64357328414917,172
3514,510,476,90.65966629981995,172
3515,519,449,90.67565965652466,172
3516,522,440,90.69137215614319,172
3517,265,384,90.81822228431702,173
3518,254,390,90.833909034729,173
3519,234,414,90.85001468658447,173
3520,227,439,90.86590647697449,173
3521,227,460,90.88158297538757,173
3522,240,491,90.8977403640747,173
3523,263,522,90.91381168365479,173
3524,289,554,90.92987442016602,173
3525,312,567,90.94558358192444,173
3526,333,568,90.96176958084106,173
3527,355,565,90.97791695594788,173
3528,389,558,90.99354958534241,173
3529,433,533,91.00942039489746,173
3530,487,499,91.02553629875183,173
3531,526,462,91.04140305519104,173
3532,544,430,91.05714893341064,173
3533,546,418,91.07289052009583,173
3534,544,394,91.08872246742249,173
3535,285,341,91.20033931732178,174
3536,268,367,91.2161123752594,174
3537,260,392,91.23207831382751,174
3538,263,428,91.24800038337708,174
3539,275,474,91.26385641098022,174
3540,291,512,91.2795639038086,174
3541,318,544,91.29548144340515,174
3542,339,556,91.31129598617554,174
3543,356,558,91.32706761360168,174
3544,377,556,91.34295105934143,174
3545,386,553,91.35862994194031,174
3546,413,541,91.3748471736908,174
3547,432,523,91.39060139656067,174
3548,449,501,91.4062614440918,174
3549,459,483,91.42205262184143,174
3550,463,464,91.43787097930908,174
3551,461,433,91.4538505077362,174
3552,295,398,91.59969305992126,175
3553,297,457,91.62839031219482,175
3554,329,513,91.6440818309784,175
3555,378,561,91.6600410938263,175
3556,431,591,91.67619585990906,175
3557,474,600,91.69234895706177,175
3558,509,601,91.70829963684082,175
3559,533,600,91.72439193725586,175
3560,552,594,91.740309715271,175
3561,569,585,91.75633072853088,175
3562,583,569,91.77217197418213,175
3563,590,557,91.78797841072083,175
3564,596,536,91.80387020111084,175
3565,600,511,91.81968593597412,175
3566,600,487,91.83545422554016,175
3567,588,435,91.85133051872253,175
3568,559,384,91.86703395843506,175
3569,513,337,91.88297176361084,175
3570,348,310,91.97822499275208,176
3571,328,341,91.99421310424805,176
3572,310,390,92.01018333435059,176
3573,303,450,92.02623057365417,176
3574,310,497,92.04213404655457,176
3575,328,533,92.05797553062439,176
3576,356,553,92.07390117645264,176
3577,414,570,92.09007048606873,176
3578,475,575,92.10576272010803,176
3579,523,572,92.12146759033203,176
3580,562,560,92.13738131523132,176
3581,588,538,92.15305209159851,176
3582,600,513,92.16920638084412,176
3583,607,474,92.1853380203247,176
3584,607,436,92.20138573646545,176
3585,605,407,92.21728777885437,176
3586,361,306,92.36028861999512,177
3587,356,334,92.3764238357544,177
3588,356,366,92.39229989051819,177
3589,361,390,92.40821576118469,177
3590,371,415,92.42397427558899,177
3591,384,443,92.43968987464905,177
3592,407,465,92.45542979240417,177
3593,431,479,92.47125482559204,177
3594,450,482,92.48706912994385,177
3595,468,480,92.50305533409119,177
3596,481,469,92.51890754699707,177
3597,497,444,92.5347216129303,177
3598,510,415,92.5504777431488,177
3599,522,380,92.56651878356934,177
3600,527,352,92.58232593536377,177
3601,336,267,92.725581407547,178
3602,330,278,92.7414276599884,178
3603,325,303,92.75736427307129,178
3604,324,333,92.77348613739014,178
3605,325,370,92.78958177566528,178
3606,339,419,92.80539464950562,178
3607,362,466,92.82149624824524,178
3608,382,488,92.83744621276855,178
3609,396,494,92.85310387611389,178
3610,409,494,92.8691885471344,178
3611,426,483,92.88489246368408,178
3612,448,462,92.90090131759644,178
3613,482,423,92.91691756248474,178
3614,502,384,92.9328784942627,178
3615,512,354,92.94879078865051,178
3616,342,246,93.10750699043274,179
3617,335,272,93.12336659431458,179
3618,335,298,93.1390917301178,179
3619,335,326,93.15488624572754,179
3620,339,358,93.17081356048584,179
3621,351,387,93.18691039085388,179
3622,369,409,93.20264267921448,179
3623,393,428,93.21837162971497,179
3624,419,439,93.2343373298645,179
3625,452,440,93.25004553794861,179
3626,478,435,93.2658863067627,179
3627,501,428,93.28162336349487,179
3628,520,413,93.29771304130554,179
3629,532,394,93.31352877616882,179
3630,535,385,93.3291597366333,179
3631,543,367,93.34518432617188,179
3632,358,341,93.50326943397522,180
3633,349,361,93.51916670799255,180
3634,336,403,93.5348629951477,180
3635,333,443,93.5505301952362,180
3636,341,485,93.5698652267456,180
3637,387,546,93.59734535217285,180
3638,423,560,93.61309766769409,180
3639,475,566,93.62885093688965,180
3640,534,571,93.64454674720764,180
3641,580,565,93.66027307510376,180
3642,603,556,93.67609357833862,180
3643,619,541,93.69212484359741,180
3644,624,519,93.70822978019714,180
3645,628,496,93.72409081459045,180
3646,631,487,93.74009370803833,180
3647,385,421,93.91586709022522,181
3648,388,491,93.94495224952698,181
3649,399,516,93.96089935302734,181
3650,418,539,93.97657203674316,181
3651,441,558,93.99224591255188,181
3652,473,571,94.00817513465881,181
3653,518,582,94.02402257919312,181
3654,569,586,94.03995966911316,181
3655,597,583,94.05578899383545,181
3656,613,572,94.0719428062439,181
3657,627,550,94.08795213699341,181
3658,634,523,94.1037347316742,181
3659,636,492,94.11942291259766,181
3660,636,465,94.13511753082275,181
3661,635,443,94.15087461471558,181
3662,476,405,94.27854108810425,182
3663,444,447,94.30876135826111,182
3664,435,492,94.32439351081848,182
3665,439,548,94.3405990600586,182
3666,455,598,94.3562822341919,182
3667,482,639,94.37231397628784,182
3668,507,658,94.38851833343506,182
3669,530,665,94.40448331832886,182
3670,554,666,94.4204306602478,182
3671,577,661,94.43645429611206,182
3672,598,652,94.45218992233276,182
3673,614,632,94.46818470954895,182
3674,628,593,94.48402738571167,182
3675,638,550,94.49984645843506,182
3676,648,512,94.51565647125244,182
3677,651,478,94.53131699562073,182
3678,415,368,94.65893149375916,183
3679,396,391,94.6745810508728,183
3680,368,441,94.69021844863892,183
3681,363,493,94.7058687210083,183
3682,366,543,94.72154211997986,183
3683,376,566,94.73720812797546,183
3684,392,589,94.75284695625305,183
3685,412,605,94.76851892471313,183
3686,432,615,94.78435015678406,183
3687,456,622,94.80039978027344,183
3688,480,626,94.81621408462524,183
3689,499,627,94.83219361305237,183
3690,515,625,94.8483157157898,183
3691,531,617,94.86455392837524,183
3692,546,600,94.88065695762634,183
3693,558,574,94.89672613143921,183
3694,567,544,94.9126136302948,183
3695,363,439,95.08729290962219,184
3696,354,451,95.10338354110718,184
3697,336,485,95.1190550327301,184
3698,326,527,95.13479113578796,184
3699,333,592,95.15083003044128,184
3700,371,673,95.16697692871094,184
3701,413,731,95.18307757377625,184
3702,447,752,95.19897770881653,184
3703,488,765,95.21484804153442,184
3704,545,765,95.23061800003052,184
3705,602,758,95.24652147293091,184
3706,665,736,95.2622504234314,184
3707,711,706,95.27795243263245,184
3708,738,681,95.29370880126953,184
3709,749,640,95.30956625938416,184
3710,750,609,95.32562899589539,184
3711,745,574,95.34151554107666,184
3712,451,409,95.48605179786682,185
3713,444,449,95.51509308815002,185
3714,447,494,95.53102946281433,185
3715,458,539,95.54687070846558,185
3716,481,593,95.56279039382935,185
3717,508,630,95.57887506484985,185
3718,528,644,95.59454584121704,185
3719,543,648,95.61041140556335,185
3720,557,646,95.62652325630188,185
3721,572,638,95.64221954345703,185
3722,595,619,95.6577501296997,185
3723,624,588,95.67389464378357,185
3724,644,566,95.6897976398468,185
3725,648,550,95.70546913146973,185
3726,446,420,95.8785834312439,186
3727,436,439,95.89423775672913,186
3728,428,464,95.90989351272583,186
3729,426,491,95.92557334899902,186
3730,432,522,95.94126152992249,186
3731,440,538,95.95715379714966,186
3732,446,543,95.97283577919006,186
3733,460,546,95.98889875411987,186
3734,486,546,96.00464463233948,186
3735,519,540,96.02082228660583,186
3736,553,527,96.03657102584839,186
3737,575,511,96.05246090888977,186
3738,585,491,96.06860637664795,186
3739,589,467,96.08444666862488,186
3740,591,445,96.1005346775055,186
3741,448,370,96.24273419380188,187
3742,444,374,96.25793099403381,187
3743,430,399,96.27375483512878,187
3744,427,411,96.28947067260742,187
3745,424,437,96.305428981781,187
3746,428,467,96.32124924659729,187
3747,446,500,96.33720779418945,187
3748,467,515,96.3529691696167,187
3749,486,521,96.36910939216614,187
3750,506,522,96.38487362861633,187
3751,528,519,96.4008309841156,187
3752,567,508,96.41670274734497,187
3753,617,482,96.43280172348022,187
3754,652,451,96.44874787330627,187
3755,667,429,96.4648380279541,187
3756,500,352,96.6068320274353,188
3757,494,354,96.62281012535095,188
3758,476,372,96.63846039772034,188
3759,457,394,96.65411067008972,188
3760,440,428,96.66974973678589,188
3761,432,456,96.68554592132568,188
3762,431,478,96.7013258934021,188
3763,438,492,96.71742725372314,188
3764,454,502,96.73316669464111,188
3765,477,504,96.74913120269775,188
3766,514,500,96.76528787612915,188
3767,565,488,96.78142857551575,188
3768,624,464,96.79763841629028,188
3769,675,429,96.81356954574585,188
3770,700,402,96.8295533657074,188
3771,706,384,96.84546732902527,188
3772,622,299,96.98851704597473,189
3773,610,307,97.00449872016907,189
3774,600,317,97.02029609680176,189
3775,583,333,97.03635334968567,189
3776,567,348,97.05245614051819,189
3777,553,367,97.06865739822388,189
3778,542,391,97.08464097976685,189
3779,534,419,97.10050177574158,189
3780,535,460,97.11617040634155,189
3781,554,492,97.13185524940491,189
3782,578,507,97.14787697792053,189
3783,603,508,97.16410708427429,189
3784,636,503,97.18019342422485,189
3785,660,489,97.19610953330994,189
3786,675,470,97.21401047706604,189
3787,397,358,97.43429970741272,190
3788,385,384,97.45028185844421,190
3789,379,420,97.46629858016968,190
3790,378,453,97.48221611976624,190
3791,391,488,97.49828338623047,190
3792,417,521,97.51396822929382,190
3793,459,544,97.52969646453857,190
3794,512,547,97.54570603370667,190
3795,564,537,97.56145787239075,190
3796,608,516,97.57749032974243,190
3797,641,492,97.59345746040344,190
3798,659,466,97.60932326316833,190
3799,663,453,97.62507772445679,190
3800,667,432,97.64098834991455,190
3801,542,334,97.78347182273865,191
3802,536,341,97.79923462867737,191
3803,520,361,97.81504464149475,191
3804,508,382,97.83088397979736,191
3805,496,405,97.84664988517761,191
3806,486,425,97.86251616477966,191
3807,481,445,97.8784430027008,191
3808,480,468,97.89429116249084,191
3809,502,513,97.9100878238678,191
3810,517,526,97.92598676681519,191
3811,531,534,97.94193196296692,191
3812,542,535,97.957834482193,191
3813,556,531,97.97337508201599,191
3814,574,517,97.98926901817322,191
3815,597,494,98.00494408607483,191
3816,627,465,98.02069783210754,191
3817,649,436,98.0369861125946,191
3818,663,409,98.05245542526245,191
3819,513,294,98.21057677268982,192
3820,506,306,98.2264518737793,192
3821,495,329,98.24236869812012,192
3822,480,355,98.2581627368927,192
3823,468,396,98.27391386032104,192
3824,467,438,98.28985404968262,192
3825,479,477,98.30574893951416,192
3826,501,505,98.32156777381897,192
3827,521,518,98.3374981880188,192
3828,542,523,98.35368967056274,192
3829,566,521,98.36968040466309,192
3830,589,508,98.38583111763,192
3831,608,490,98.40190982818604,192
3832,633,459,98.41789293289185,192
3833,650,430,98.43370699882507,192
3834,508,329,98.57787609100342,193
3835,490,347,98.59364128112793,193
3836,478,368,98.60977411270142,193
3837,471,392,98.62566208839417,193
3838,469,426,98.64140272140503,193
3839,472,457,98.65738558769226,193
3840,483,485,98.67319917678833,193
3841,505,513,98.68897795677185,193
3842,559,536,98.70490097999573,193
3843,613,541,98.7206335067749,193
3844,670,534,98.73630905151367,193
3845,724,518,98.75209140777588,193
3846,748,494,98.76791429519653,193
3847,754,482,98.78362154960632,193
3848,759,460,98.79960775375366,193
3849,530,328,98.95677709579468,194
3850,490,338,98.97242832183838,194
3851,460,350,98.98828148841858,194
3852,442,367,99.00441932678223,194
3853,431,398,99.02026915550232,194
3854,435,435,99.0359480381012,194
3855,462,487,99.05180430412292,194
3856,498,513,99.06771206855774,194
3857,542,528,99.08317399024963,194
3858,584,525,99.09938740730286,194
3859,613,517,99.11531209945679,194
3860,643,508,99.13121747970581,194
3861,678,493,99.14704585075378,194
3862,693,482,99.16307783126831,194
3863,700,466,99.17923760414124,194
3864,340,400,99.33755469322205,195
3865,330,405,99.35321545600891,195
3866,313,424,99.36886405944824,195
3867,305,449,99.38471364974976,195
3868,304,485,99.40082144737244,195
3869,308,528,99.41702914237976,195
3870,317,553,99.43277168273926,195
3871,325,566,99.44866013526917,195
3872,335,571,99.46444272994995,195
3873,348,571,99.48036694526672,195
3874,376,560,99.4963390827179,195
3875,429,537,99.51227569580078,195
3876,488,515,99.52834272384644,195
3877,556,483,99.54416465759277,195
3878,528,361,99.7199866771698,196
3879,526,364,99.73594927787781,196
3880,518,377,99.75189733505249,196
3881,513,395,99.76785850524902,196
3882,512,421,99.78354573249817,196
3883,516,455,99.79921221733093,196
3884,522,469,99.81536555290222,196
3885,532,482,99.83103919029236,196
3886,550,489,99.84693789482117,196
3887,568,490,99.86315107345581,196
3888,588,485,99.88136911392212,196
3889,617,450,99.91116619110107,196
3890,628,427,99.926992893219,196
3891,634,405,99.94303345680237,196
3892,636,377,99.95874190330505,196
3893,635,367,99.97458052635193,196
3894,486,291,100.08620309829712,197
3895,479,297,100.1018660068512,197
3896,464,311,100.11761927604675,197
3897,450,330,100.13393640518188,197
3898,441,355,100.14985656738281,197
3899,441,398,100.165696144104,197
3900,456,449,100.18170189857483,197
3901,477,486,100.19780850410461,197
3902,492,504,100.2137234210968,197
3903,508,508,100.22952032089233,197
3904,524,506,100.24562335014343,197
3905,545,496,100.26165342330933,197
3906,571,474,100.27734637260437,197
3907,602,439,100.29309153556824,197
3908,624,408,100.30897045135498,197
3909,637,380,100.32499074935913,197
3910,644,352,100.34072256088257,197
3911,526,255,100.46667647361755,198
3912,495,271,100.48272037506104,198
3913,465,292,100.4983389377594,198
3914,449,311,100.51431632041931,198
3915,444,338,100.53034210205078,198
3916,448,379,100.54610061645508,198
3917,468,416,100.56199717521667,198
3918,491,435,100.57780766487122,198
3919,501,441,100.59354543685913,198
3920,535,445,100.60959696769714,198
3921,548,444,100.62547755241394,198
3922,571,434,100.64136004447937,198
3923,594,419,100.65738487243652,198
3924,609,397,100.67286586761475,198
3925,618,375,100.68887686729431,198
3926,316,299,100.86450219154358,199
3927,272,329,100.88028335571289,199
3928,248,354,100.89612793922424,199
3929,242,380,100.9123044013977,199
3930,246,417,100.92848515510559,199
3931,274,463,100.94468235969543,199
3932,317,499,100.96045899391174,199
3933,372,526,100.97651386260986,199
3934,425,543,100.99232220649719,199
3935,481,545,101.00842571258545,199
3936,539,526,101.02405667304993,199
3937,565,511,101.0399260520935,199
3938,575,489,101.05590677261353,199
3939,577,469,101.07180070877075,199
3940,578,443,101.08746433258057,199
3941,377,387,101.23104214668274,200
3942,369,400,101.24707007408142,200
3943,359,431,101.26310086250305,200
3944,359,475,101.2787618637085,200
3945,375,527,101.29453992843628,200
3946,399,555,101.31023812294006,200
3947,419,568,101.32613825798035,200
3948,445,570,101.34209823608398,200
3949,474,571,101.35778951644897,200
3950,508,558,101.37344932556152,200
3951,530,542,101.38924074172974,200
3952,563,511,101.40532970428467,200
3953,581,476,101.42139267921448,200
3954,586,454,101.43745136260986,200
3955,587,444,101.45355582237244,200
3956,387,378,101.61292791366577,201
3957,378,405,101.6290340423584,201
3958,375,428,101.645183801651,201
3959,378,452,101.6609742641449,201
3960,389,474,101.67646765708923,201
3961,407,495,101.69269442558289,201
3962,425,501,101.70824074745178,201
3963,439,501,101.7239089012146,201
3964,452,496,101.739737033844,201
3965,467,487,101.75589942932129,201
3966,487,477,101.77201747894287,201
3967,505,458,101.7878942489624,201
3968,517,438,101.80366897583008,201
3969,522,420,101.81941747665405,201
3970,527,401,101.83547115325928,201
3971,526,384,101.85170149803162,201
3972,312,386,102.02581715583801,202
3973,327,454,102.04187440872192,202
3974,368,509,102.05767798423767,202
3975,425,548,102.07360363006592,202
3976,455,558,102.08927178382874,202
3977,517,552,102.10534405708313,202
3978,533,547,102.12132477760315,202
3979,576,523,102.13703751564026,202
3980,604,498,102.15292644500732,202
3981,619,478,102.16874408721924,202
3982,627,456,102.18454194068909,202
3983,629,438,102.2006299495697,202
3984,369,381,102.37629580497742,203
3985,361,389,102.39214897155762,203
3986,348,405,102.40820384025574,203
3987,339,427,102.42417168617249,203
3988,333,450,102.44027090072632,203
3989,333,477,102.45616626739502,203
3990,338,504,102.47194695472717,203
3991,357,535,102.48765325546265,203
3992,381,550,102.50351309776306,203
3993,404,552,102.51918125152588,203
3994,426,544,102.53523206710815,203
3995,477,520,102.55107307434082,203
3996,531,489,102.56680655479431,203
3997,568,459,102.58273482322693,203
3998,587,448,102.59872031211853,203
3999,595,431,102.61441612243652,203
