index,x,y,t_seconds,stroke
0,435,212,5.928098678588867,1
1,434,212,6.019968271255493,1
2,432,211,6.051203012466431,1
3,426,210,6.066943883895874,1
4,415,208,6.09080958366394,1
5,407,208,6.112567901611328,1
6,402,209,6.128831148147583,1
7,397,211,6.144929885864258,1
8,390,214,6.161064386367798,1
9,384,218,6.177992820739746,1
10,376,223,6.193489074707031,1
11,370,228,6.20986270904541,1
12,363,236,6.226116895675659,1
13,357,245,6.2411789894104,1
14,350,256,6.258029222488403,1
15,346,265,6.273290634155273,1
16,345,267,6.289199113845825,1
17,345,268,6.307725429534912,1
18,344,279,6.3372886180877686,1
19,343,287,6.35358738899231,1
20,343,295,6.369329214096069,1
21,343,302,6.385219097137451,1
22,345,307,6.40139102935791,1
23,346,313,6.417233467102051,1
24,347,316,6.434998273849487,1
25,350,322,6.460295677185059,1
26,354,327,6.484213590621948,1
27,362,335,6.508784532546997,1
28,372,345,6.532100200653076,1
29,383,353,6.562999248504639,1
30,389,356,6.580229997634888,1
31,404,364,6.611992359161377,1
32,413,366,6.627985239028931,1
33,422,368,6.64396071434021,1
34,429,369,6.659958600997925,1
35,439,370,6.676684141159058,1
36,455,370,6.700367212295532,1
37,466,369,6.725768804550171,1
38,481,363,6.758850812911987,1
39,491,356,6.788770437240601,1
40,502,349,6.822831153869629,1
41,517,334,6.852997541427612,1
42,523,324,6.876712799072266,1
43,530,313,6.901757478713989,1
44,533,305,6.9170122146606445,1
45,534,296,6.942662954330444,1
46,534,288,6.967339754104614,1
47,535,282,6.982715845108032,1
48,535,277,6.999752998352051,1
49,535,270,7.022238492965698,1
50,535,265,7.039075136184692,1
51,535,260,7.055022954940796,1
52,533,251,7.071057081222534,1
53,533,246,7.087170124053955,1
54,531,241,7.102814197540283,1
55,530,237,7.118936061859131,1
56,527,232,7.1350250244140625,1
57,524,228,7.15086030960083,1
58,522,224,7.166927814483643,1
59,519,221,7.182878732681274,1
60,517,217,7.198871374130249,1
61,511,212,7.214817047119141,1
62,506,207,7.230579853057861,1
63,500,202,7.246832370758057,1
64,492,198,7.262965202331543,1
65,486,194,7.279046297073364,1
66,480,191,7.295994758605957,1
67,476,189,7.31212854385376,1
68,468,187,7.335131406784058,1
69,457,185,7.358869314193726,1
70,446,184,7.374818325042725,1
71,432,184,7.3908631801605225,1
72,420,182,7.406898736953735,1
73,406,182,7.425739288330078,1
74,395,184,7.441758632659912,1
75,373,194,7.471998453140259,1
76,362,203,7.487367630004883,1
77,352,211,7.502809286117554,1
78,340,220,7.520950794219971,1
79,333,230,7.537116289138794,1
80,324,252,7.568989038467407,1
81,324,265,7.5849974155426025,1
82,327,279,7.601147174835205,1
83,334,291,7.616636514663696,1
84,342,306,7.633216381072998,1
85,353,320,7.649358034133911,1
86,373,341,7.68400239944458,1
87,392,357,7.714000940322876,1
88,409,361,7.73799991607666,1
89,431,364,7.76034140586853,1
90,462,366,7.794179201126099,1
91,479,366,7.818465948104858,1
92,495,356,7.8422935009002686,1
93,504,340,7.87392783164978,1
94,510,328,7.8897740840911865,1
95,517,314,7.908740997314453,1
96,527,286,7.939223527908325,1
97,528,263,7.970998764038086,1
98,528,251,7.987228870391846,1
99,528,240,8.002968788146973,1
100,526,223,8.03517460823059,1
101,516,207,8.068475484848022,1
102,508,195,8.093700885772705,1
103,500,187,8.11770510673523,1
104,486,182,8.14800477027893,1
105,476,181,8.163633108139038,1
106,454,180,8.190882444381714,1
107,442,182,8.206119537353516,1
108,439,182,8.221157312393188,1
109,414,191,8.241359949111938,1
110,397,198,8.257689952850342,1
111,375,212,8.285048484802246,1
112,359,222,8.300995588302612,1
113,343,236,8.31709885597229,1
114,331,249,8.333309173583984,1
115,323,261,8.34907841682434,1
116,318,275,8.366201639175415,1
117,317,296,8.38179612159729,1
118,320,306,8.396973848342896,1
119,326,324,8.412914276123047,1
120,333,339,8.429021835327148,1
121,342,353,8.445994138717651,1
122,351,365,8.461983680725098,1
123,363,378,8.477127075195312,1
124,376,391,8.493231534957886,1
125,392,400,8.509950876235962,1
126,411,405,8.525070428848267,1
127,434,410,8.540884971618652,1
128,460,412,8.556545734405518,1
129,485,413,8.575690746307373,1
130,525,400,8.59127926826477,1
131,546,383,8.620611429214478,1
132,553,368,8.638163328170776,1
133,558,345,8.66299057006836,1
134,559,318,8.687169075012207,1
135,560,284,8.719199419021606,1
136,555,261,8.743002891540527,1
137,547,242,8.767182111740112,1
138,531,221,8.800766706466675,1
139,517,210,8.824169874191284,1
140,505,206,8.847130298614502,1
141,495,204,8.866204500198364,1
142,473,203,8.89546823501587,1
143,399,216,9.067049980163574,2
144,388,231,9.082722187042236,2
145,375,246,9.098748445510864,2
146,359,272,9.128995656967163,2
147,350,296,9.160988569259644,2
148,348,318,9.193614482879639,2
149,349,328,9.210176944732666,2
150,353,342,9.225676774978638,2
151,367,370,9.257988214492798,2
152,380,384,9.275756359100342,2
153,395,393,9.291767120361328,2
154,426,406,9.321867942810059,2
155,465,408,9.354101419448853,2
156,513,405,9.386180877685547,2
157,562,388,9.418989181518555,2
158,581,360,9.451814889907837,2
159,585,314,9.484960317611694,2
160,584,277,9.508818864822388,2
161,572,243,9.525814056396484,2
162,560,224,9.546484470367432,2
163,530,195,9.579190015792847,2
164,503,178,9.601772785186768,2
165,480,167,9.621575117111206,2
166,467,163,9.637300252914429,2
167,458,160,9.655232906341553,2
168,448,158,9.670241594314575,2
169,431,157,9.700586080551147,2
170,417,158,9.716474294662476,2
171,401,162,9.732300519943237,2
172,378,174,9.748303651809692,2
173,360,186,9.764209985733032,2
174,293,312,9.902767181396484,3
175,297,334,9.926506996154785,3
176,305,361,9.95075011253357,3
177,312,378,9.96603012084961,3
178,326,392,9.983778953552246,3
179,356,412,10.00472092628479,3
180,386,424,10.021984815597534,3
181,418,429,10.038869619369507,3
182,498,421,10.075860261917114,3
183,529,409,10.093996047973633,3
184,562,396,10.117950201034546,3
185,579,364,10.15098237991333,3
186,582,337,10.176722049713135,3
187,582,305,10.199236869812012,3
188,582,289,10.215008974075317,3
189,575,241,10.247150897979736,3
190,568,227,10.262683629989624,3
191,545,202,10.295998096466064,3
192,522,190,10.319982767105103,3
193,500,182,10.343927145004272,3
194,484,178,10.359989643096924,3
195,459,175,10.38367748260498,3
196,445,174,10.400315523147583,3
197,431,174,10.424721956253052,3
198,422,176,10.441385984420776,3
199,403,187,10.472175121307373,3
200,393,196,10.488107919692993,3
201,374,214,10.508654117584229,3
202,345,243,10.533347606658936,3
203,312,274,10.569034814834595,3
204,293,314,10.616623878479004,4
205,292,327,10.634368419647217,4
206,293,335,10.650752067565918,4
207,299,346,10.674875736236572,4
208,303,350,10.697203636169434,4
209,321,356,10.724191665649414,4
210,410,380,10.840657711029053,5
211,420,386,10.86711597442627,5
212,427,389,10.891992807388306,5
213,446,391,10.916239976882935,5
214,482,389,10.940707683563232,5
215,514,384,10.962855100631714,5
216,526,376,10.978790521621704,5
217,532,363,10.994975328445435,5
218,534,349,11.011025667190552,5
219,539,330,11.027135372161865,5
220,542,306,11.042985916137695,5
221,545,285,11.058983087539673,5
222,545,263,11.074867248535156,5
223,543,245,11.092945098876953,5
224,538,222,11.11736512184143,5
225,532,198,11.140097379684448,5
226,525,185,11.15536904335022,5
227,519,177,11.1714608669281,5
228,514,169,11.187835693359375,5
229,507,161,11.203637599945068,5
230,500,156,11.219853401184082,5
231,493,154,11.235720872879028,5
232,490,152,11.251827239990234,5
233,485,152,11.267493963241577,5
234,477,152,11.283395051956177,5
235,458,160,11.300992488861084,5
236,436,170,11.317405700683594,5
237,409,184,11.33492398262024,5
238,370,208,11.358827829360962,5
239,337,228,11.383138179779053,5
240,300,262,11.412991046905518,5
241,283,278,11.429114580154419,5
242,276,289,11.445091724395752,5
243,271,296,11.46116828918457,5
244,269,303,11.478010892868042,5
245,269,312,11.493510484695435,5
246,272,328,11.509320259094238,5
247,278,346,11.525472402572632,5
248,290,368,11.541240692138672,5
249,496,392,11.712772607803345,6
250,515,374,11.73499059677124,6
251,520,368,11.750941753387451,6
252,527,358,11.766753911972046,6
253,534,345,11.782819509506226,6
254,541,334,11.798719882965088,6
255,544,318,11.81486463546753,6
256,545,292,11.83069109916687,6
257,544,278,11.846938610076904,6
258,540,265,11.862806558609009,6
259,536,253,11.880838632583618,6
260,523,229,11.911712646484375,6
261,517,222,11.926772832870483,6
262,509,213,11.944603443145752,6
263,492,198,11.974738121032715,6
264,481,193,11.990995645523071,6
265,473,191,12.007254838943481,6
266,465,189,12.023932218551636,6
267,456,186,12.039821147918701,6
268,445,185,12.056952476501465,6
269,430,186,12.089314937591553,6
270,420,190,12.104537963867188,6
271,391,203,12.136995315551758,6
272,375,211,12.152995109558105,6
273,365,218,12.169188737869263,6
274,346,238,12.199376821517944,6
275,336,250,12.2152099609375,6
276,332,257,12.231142520904541,6
277,330,261,12.247471809387207,6
278,328,277,12.263641595840454,6
279,328,299,12.282715082168579,6
280,331,321,12.299520492553711,6
281,350,356,12.330098867416382,6
282,375,376,12.349685430526733,6
283,428,399,12.37459135055542,6
284,477,409,12.39048433303833,6
285,514,414,12.410135984420776,6
286,583,207,12.620769023895264,7
287,554,181,12.644652843475342,7
288,522,168,12.666996479034424,7
289,505,163,12.683208465576172,7
290,489,161,12.69989800453186,7
291,476,159,12.715834617614746,7
292,457,159,12.7318115234375,7
293,432,163,12.747548341751099,7
294,402,169,12.76416301727295,7
295,373,176,12.77944564819336,7
296,357,182,12.79574203491211,7
297,346,191,12.811633348464966,7
298,337,199,12.827800512313843,7
299,328,209,12.84387469291687,7
300,319,224,12.860132217407227,7
301,312,243,12.8771231174469,7
302,307,261,12.892934322357178,7
303,305,281,12.909131288528442,7
304,303,303,12.9245765209198,7
305,302,319,12.940530776977539,7
306,302,339,12.958695888519287,7
307,310,376,12.989075899124146,7
308,320,393,13.004555702209473,7
309,328,404,13.02063775062561,7
310,338,415,13.036916971206665,7
311,350,424,13.052833080291748,7
312,362,431,13.069934844970703,7
313,402,434,13.101937770843506,7
314,436,431,13.117925882339478,7
315,473,413,13.142541646957397,7
316,515,394,13.164690732955933,7
317,533,384,13.180368423461914,7
318,558,361,13.197415828704834,7
319,469,196,13.408775568008423,8
320,439,195,13.432880878448486,8
321,421,195,13.455044746398926,8
322,413,196,13.471120834350586,8
323,409,198,13.488104820251465,8
324,402,202,13.503957509994507,8
325,393,208,13.519198894500732,8
326,378,219,13.535959482192993,8
327,364,231,13.55215311050415,8
328,352,243,13.567158937454224,8
329,348,254,13.584125757217407,8
330,345,267,13.609802007675171,8
331,336,287,13.631462335586548,8
332,332,299,13.648925304412842,8
333,325,321,13.68118929862976,8
334,324,343,13.713178157806396,8
335,327,359,13.729187488555908,8
336,335,377,13.760673999786377,8
337,344,385,13.77698564529419,8
338,356,394,13.793190956115723,8
339,385,408,13.826717853546143,8
340,417,410,13.846710205078125,8
341,438,409,13.863153219223022,8
342,463,403,13.879615783691406,8
343,485,395,13.895670652389526,8
344,514,382,13.91878628730774,8
345,529,369,13.93892788887024,8
346,541,353,13.953933000564575,8
347,550,333,13.970162630081177,8
348,556,310,13.986141443252563,8
349,558,273,14.009270906448364,8
350,546,236,14.033405780792236,8
351,534,216,14.049891471862793,8
352,380,214,14.325781106948853,9
353,379,223,14.348307132720947,9
354,376,235,14.371999740600586,9
355,374,247,14.38782548904419,9
356,371,263,14.403663158416748,9
357,368,283,14.419981479644775,9
358,365,299,14.436124086380005,9
359,364,315,14.45315957069397,9
360,362,332,14.468960762023926,9
361,362,343,14.484928846359253,9
362,362,354,14.508641958236694,9
363,366,363,14.532744884490967,9
364,367,365,14.548708438873291,9
365,370,366,14.564917087554932,9
366,374,369,14.580844163894653,9
367,382,373,14.596947193145752,9
368,396,378,14.612823963165283,9
369,414,380,14.62898302078247,9
370,437,383,14.644835233688354,9
371,459,383,14.66215705871582,9
372,484,382,14.677985668182373,9
373,503,380,14.693938732147217,9
374,517,377,14.709658861160278,9
375,530,370,14.725897312164307,9
376,552,342,14.757929563522339,9
377,582,300,14.790159940719604,9
378,601,269,14.814539432525635,9
379,610,247,14.838081359863281,9
380,610,219,14.870835304260254,9
381,605,208,14.8868248462677,9
382,585,189,14.918833494186401,9
383,384,181,15.121776103973389,10
384,371,194,15.144829750061035,10
385,361,207,15.160997152328491,10
386,350,231,15.183962345123291,10
387,344,250,15.19953203201294,10
388,336,279,15.22397494316101,10
389,332,295,15.2425377368927,10
390,330,313,15.265170812606812,10
391,328,326,15.289024829864502,10
392,326,336,15.304880142211914,10
393,326,347,15.320727348327637,10
394,326,357,15.336864948272705,10
395,330,367,15.352705955505371,10
396,336,377,15.368935585021973,10
397,343,386,15.384958267211914,10
398,354,394,15.402303218841553,10
399,366,403,15.418117761611938,10
400,394,410,15.442105770111084,10
401,426,411,15.467047691345215,10
402,461,404,15.491981267929077,10
403,495,386,15.514287948608398,10
404,533,364,15.544658422470093,10
405,540,356,15.561983585357666,10
406,546,343,15.592747688293457,10
407,548,336,15.610169172286987,10
408,552,327,15.6261625289917,10
409,556,304,15.658374071121216,10
410,555,291,15.67494535446167,10
411,550,271,15.700749397277832,10
412,537,250,15.721136569976807,10
413,525,237,15.737939596176147,10
414,505,222,15.754992961883545,10
415,483,214,15.771177291870117,10
416,461,207,15.786993741989136,10
417,415,203,15.818841695785522,10
418,377,201,15.851418733596802,10
419,308,224,15.973763704299927,11
420,306,235,15.99601149559021,11
421,305,243,16.011868476867676,11
422,305,254,16.028212070465088,11
423,305,270,16.04419755935669,11
424,306,290,16.061280012130737,11
425,312,338,16.091769695281982,11
426,317,358,16.10913395881653,11
427,324,374,16.12540888786316,11
428,332,383,16.141003608703613,11
429,344,391,16.158825874328613,11
430,383,407,16.188711404800415,11
431,405,415,16.204678535461426,11
432,424,420,16.22200036048889,11
433,448,419,16.238096952438354,11
434,491,411,16.270140647888184,11
435,510,402,16.286146640777588,11
436,534,378,16.316914081573486,11
437,539,362,16.33263373374939,11
438,544,342,16.349876642227173,11
439,555,307,16.3823504447937,11
440,556,292,16.399754524230957,11
441,555,264,16.427977323532104,11
442,553,246,16.44699215888977,11
443,549,234,16.463005542755127,11
444,544,218,16.479199647903442,11
445,533,193,16.510833263397217,11
446,529,187,16.535125970840454,11
447,525,184,16.55823302268982,11
448,520,181,16.575050830841064,11
449,504,173,16.60980796813965,11
450,479,171,16.633816242218018,11
451,442,173,16.657891988754272,11
452,337,230,16.786001205444336,12
453,333,244,16.81003999710083,12
454,332,263,16.831955432891846,12
455,331,278,16.84775185585022,12
456,331,291,16.86354160308838,12
457,331,307,16.87943434715271,12
458,333,322,16.89521312713623,12
459,335,339,16.911134481430054,12
460,337,354,16.92982053756714,12
461,341,370,16.951830863952637,12
462,346,381,16.977984189987183,12
463,350,390,16.99362349510193,12
464,360,408,17.022784948349,12
465,370,413,17.042464017868042,12
466,382,418,17.05966544151306,12
467,400,421,17.08347249031067,12
468,426,414,17.106011390686035,12
469,451,404,17.121734380722046,12
470,479,394,17.13828468322754,12
471,513,382,17.154130458831787,12
472,551,366,17.16914439201355,12
473,569,350,17.18713116645813,12
474,579,337,17.203118085861206,12
475,584,310,17.233278274536133,12
476,583,290,17.251173496246338,12
477,573,255,17.28495693206787,12
478,559,228,17.308793783187866,12
479,538,204,17.33118510246277,12
480,519,190,17.34988522529602,12
481,476,174,17.379932403564453,12
482,432,165,17.411935091018677,12
483,386,164,17.443542003631592,12
484,373,165,17.459993362426758,12
485,360,170,17.48408555984497,12
486,328,312,17.63513159751892,13
487,329,319,17.65105628967285,13
488,333,333,17.66900086402893,13
489,336,342,17.685184717178345,13
490,344,355,17.70902967453003,13
491,350,363,17.72507405281067,13
492,358,373,17.741413116455078,13
493,375,387,17.76641297340393,13
494,410,404,17.797699689865112,13
495,430,408,17.813523530960083,13
496,470,408,17.846110105514526,13
497,488,406,17.862158060073853,13
498,506,390,17.893936157226562,13
499,525,356,17.926642894744873,13
500,528,327,17.95712900161743,13
501,532,291,17.990930557250977,13
502,532,273,18.007077932357788,13
503,532,261,18.022140741348267,13
504,529,241,18.055017471313477,13
505,524,232,18.087116241455078,13
506,514,223,18.12013268470764,13
507,507,220,18.137585163116455,13
508,494,211,18.168428421020508,13
509,489,208,18.184091567993164,13
510,486,204,18.201319456100464,13
511,478,201,18.233833074569702,13
512,473,200,18.24957776069641,13
513,441,205,18.28296947479248,13
514,308,278,18.434527158737183,14
515,310,291,18.4502055644989,14
516,312,303,18.46631407737732,14
517,315,314,18.482495546340942,14
518,321,331,18.498545169830322,14
519,329,345,18.516160488128662,14
520,341,368,18.538188219070435,14
521,356,389,18.562899589538574,14
522,364,396,18.578989267349243,14
523,372,401,18.5950288772583,14
524,384,404,18.61102318763733,14
525,410,405,18.635118007659912,14
526,447,396,18.659327030181885,14
527,480,386,18.676103353500366,14
528,543,367,18.708029747009277,14
529,569,359,18.72314167022705,14
530,582,350,18.73897671699524,14
531,589,337,18.755035400390625,14
532,592,327,18.770944833755493,14
533,594,306,18.78686785697937,14
534,594,286,18.802932500839233,14
535,594,266,18.818745613098145,14
536,593,245,18.834962844848633,14
537,585,227,18.851036548614502,14
538,576,212,18.866811513900757,14
539,566,202,18.882665872573853,14
540,558,195,18.898462772369385,14
541,545,188,18.915993213653564,14
542,522,182,18.94988179206848,14
543,482,178,18.977869510650635,14
544,458,177,18.995984315872192,14
545,435,177,19.012299299240112,14
546,410,178,19.028180360794067,14
547,308,333,19.231773376464844,15
548,311,338,19.253976821899414,15
549,314,343,19.269957780838013,15
550,318,349,19.28592038154602,15
551,328,361,19.30180525779724,15
552,340,373,19.317922830581665,15
553,353,385,19.334023475646973,15
554,365,392,19.349933624267578,15
555,375,396,19.36593461036682,15
556,384,396,19.38197660446167,15
557,396,396,19.397867918014526,15
558,416,396,19.413798570632935,15
559,440,396,19.4297935962677,15
560,467,392,19.44712543487549,15
561,525,381,19.479313611984253,15
562,562,357,19.510934114456177,15
563,567,345,19.526933193206787,15
564,570,327,19.54293417930603,15
565,573,286,19.574855089187622,15
566,570,241,19.607933521270752,15
567,564,213,19.633854389190674,15
568,554,189,19.65599799156189,15
569,544,177,19.6809298992157,15
570,536,172,19.704193830490112,15
571,527,169,19.72030234336853,15
572,498,163,19.75030541419983,15
573,474,163,19.76620864868164,15
574,437,169,19.79600477218628,15
575,331,262,19.995767831802368,16
576,330,278,20.02788257598877,16
577,331,304,20.0596182346344,16
578,336,329,20.082663774490356,16
579,348,359,20.105682373046875,16
580,359,378,20.121727228164673,16
581,367,387,20.1378390789032,16
582,371,392,20.153791427612305,16
583,375,395,20.1699059009552,16
584,386,399,20.185744762420654,16
585,409,407,20.205986499786377,16
586,440,414,20.222306728363037,16
587,496,420,20.250164031982422,16
588,538,417,20.266050338745117,16
589,560,414,20.281901836395264,16
590,569,407,20.29772114753723,16
591,574,398,20.316893339157104,16
592,578,363,20.348188400268555,16
593,578,316,20.38008999824524,16
594,576,295,20.396169424057007,16
595,561,249,20.428191661834717,16
596,537,217,20.46120023727417,16
597,512,198,20.493370294570923,16
598,483,190,20.52603316307068,16
599,440,186,20.55734872817993,16
600,405,183,20.58920669555664,16
601,325,280,20.719786167144775,17
602,321,308,20.742308616638184,17
603,320,330,20.757737159729004,17
604,322,354,20.782334804534912,17
605,327,375,20.812866926193237,17
606,331,384,20.828601360321045,17
607,337,393,20.844832181930542,17
608,347,398,20.86091184616089,17
609,357,408,20.878167152404785,17
610,379,411,20.894484758377075,17
611,436,415,20.924857139587402,17
612,462,413,20.94152307510376,17
613,475,411,20.956745862960815,17
614,483,407,20.97280478477478,17
615,490,400,20.99093747138977,17
616,513,373,21.0251305103302,17
617,525,342,21.053564310073853,17
618,527,334,21.07109808921814,17
619,529,322,21.086962461471558,17
620,531,297,21.111164093017578,17
621,530,274,21.1359920501709,17
622,531,263,21.152134895324707,17
623,531,259,21.168123245239258,17
624,530,247,21.201706409454346,17
625,526,229,21.23395848274231,17
626,519,215,21.250377893447876,17
627,510,204,21.269543409347534,17
628,493,185,21.296981811523438,17
629,322,273,21.507267475128174,18
630,320,286,21.53128671646118,18
631,320,303,21.553300619125366,18
632,320,326,21.57003664970398,18
633,325,350,21.585994005203247,18
634,337,376,21.601298809051514,18
635,352,397,21.617919206619263,18
636,365,413,21.63338279724121,18
637,379,422,21.649508953094482,18
638,390,429,21.665905714035034,18
639,400,432,21.681501388549805,18
640,412,433,21.699127197265625,18
641,437,434,21.731308460235596,18
642,448,432,21.74875569343567,18
643,472,430,21.778246641159058,18
644,483,426,21.795981407165527,18
645,508,406,21.826152563095093,18
646,523,391,21.843146800994873,18
647,532,377,21.85833477973938,18
648,536,368,21.874380111694336,18
649,539,363,21.893183946609497,18
650,549,344,21.925862550735474,18
651,557,321,21.956196784973145,18
652,560,310,21.972102403640747,18
653,561,285,22.00399947166443,18
654,558,274,22.01907253265381,18
655,554,260,22.03518319129944,18
656,546,248,22.052119731903076,18
657,541,241,22.067188501358032,18
658,533,234,22.083059310913086,18
659,523,226,22.099876642227173,18
660,507,218,22.114962339401245,18
661,403,192,22.263744115829468,19
662,399,199,22.283694744110107,19
663,391,210,22.299670219421387,19
664,379,227,22.325417518615723,19
665,373,234,22.34115481376648,19
666,370,241,22.357198238372803,19
667,369,243,22.374165534973145,19
668,367,247,22.38921594619751,19
669,358,263,22.405463457107544,19
670,355,275,22.422033071517944,19
671,353,289,22.437519788742065,19
672,353,305,22.455119609832764,19
673,357,323,22.47100305557251,19
674,364,340,22.487170696258545,19
675,380,356,22.51781463623047,19
676,391,362,22.535113096237183,19
677,413,370,22.559876203536987,19
678,427,374,22.575063467025757,19
679,448,375,22.599164247512817,19
680,478,371,22.633972883224487,19
681,491,369,22.64980721473694,19
682,514,361,22.680177211761475,19
683,519,352,22.70418405532837,19
684,524,338,22.727953672409058,19
685,535,312,22.7600998878479,19
686,537,301,22.776001930236816,19
687,540,281,22.801050901412964,19
688,541,257,22.820132732391357,19
689,540,241,22.8412446975708,19
690,538,227,22.859010219573975,19
691,529,209,22.889182329177856,19
692,366,239,23.083767652511597,20
693,357,250,23.100159883499146,20
694,356,252,23.11630606651306,20
695,349,273,23.146099090576172,20
696,346,303,23.16682529449463,20
697,344,332,23.194422960281372,20
698,344,367,23.218373775482178,20
699,352,413,23.245991230010986,20
700,362,434,23.266506910324097,20
701,371,445,23.283933639526367,20
702,383,455,23.29939603805542,20
703,402,462,23.316521883010864,20
704,452,474,23.34014630317688,20
705,502,475,23.364099264144897,20
706,542,466,23.387457609176636,20
707,559,455,23.404165983200073,20
708,574,424,23.43721032142639,20
709,577,389,23.468310832977295,20
710,576,365,23.4930522441864,20
711,575,348,23.509081840515137,20
712,572,325,23.532989025115967,20
713,565,305,23.54998230934143,20
714,554,284,23.57494878768921,20
715,538,262,23.59700345993042,20
716,528,252,23.61302900314331,20
717,520,244,23.629278659820557,20
718,512,233,23.644997358322144,20
719,493,215,23.677194118499756,20
720,477,202,23.701327800750732,20
721,451,194,23.725149393081665,20
722,438,190,23.74174213409424,20
723,311,295,23.903777599334717,21
724,309,305,23.926673412322998,21
725,308,315,23.949854373931885,21
726,309,326,23.96587300300598,21
727,315,342,23.98200535774231,21
728,325,361,23.99920153617859,21
729,339,382,24.023902416229248,21
730,354,389,24.047279119491577,21
731,379,395,24.078999996185303,21
732,394,397,24.095276355743408,21
733,411,398,24.110318183898926,21
734,437,398,24.126601219177246,21
735,460,398,24.143158435821533,21
736,480,393,24.158405542373657,21
737,492,386,24.176127672195435,21
738,502,362,24.20988631248474,21
739,504,351,24.225460529327393,21
740,507,336,24.241305112838745,21
741,517,298,24.27230668067932,21
742,522,275,24.28805637359619,21
743,525,253,24.30415678024292,21
744,528,232,24.33729887008667,21
745,528,224,24.353182077407837,21
746,525,212,24.383207082748413,21
747,513,196,24.41836452484131,21
748,498,188,24.442832946777344,21
749,488,187,24.458418607711792,21
750,468,187,24.48244595527649,21
751,305,268,24.62777352333069,22
752,310,286,24.65168833732605,22
753,312,298,24.66752552986145,22
754,316,317,24.683871030807495,22
755,329,353,24.708131074905396,22
756,349,397,24.739309310913086,22
757,362,420,24.771188020706177,22
758,363,424,24.7869930267334,22
759,366,425,24.802003383636475,22
760,367,425,24.817939519882202,22
761,372,425,24.835160493850708,22
762,391,425,24.85940909385681,22
763,424,424,24.874427318572998,22
764,475,424,24.90099334716797,22
765,515,419,24.91934061050415,22
766,528,411,24.93635320663452,22
767,536,402,24.953084468841553,22
768,540,390,24.969693899154663,22
769,544,368,24.99617099761963,22
770,548,327,25.026341199874878,22
771,549,303,25.0439612865448,22
772,549,268,25.068437099456787,22
773,545,236,25.092883348464966,22
774,541,210,25.117760181427002,22
775,536,196,25.133753538131714,22
776,522,174,25.158856868743896,22
777,289,276,25.359777212142944,23
778,284,297,25.382182598114014,23
779,284,310,25.398356676101685,23
780,287,328,25.414491891860962,23
781,289,348,25.43017554283142,23
782,296,372,25.446027517318726,23
783,310,394,25.461858987808228,23
784,318,408,25.47800040245056,23
785,324,412,25.49356722831726,23
786,333,416,25.5110981464386,23
787,346,419,25.52716040611267,23
788,398,423,25.560142755508423,23
789,443,423,25.57573938369751,23
790,492,421,25.600289344787598,23
791,515,415,25.62287187576294,23
792,519,410,25.64020848274231,23
793,533,387,25.671281099319458,23
794,546,366,25.688140392303467,23
795,588,308,25.72000217437744,23
796,595,286,25.73612689971924,23
797,598,259,25.760127067565918,23
798,599,243,25.775994300842285,23
799,592,223,25.801249742507935,23
800,586,207,25.81671452522278,23
801,570,187,25.84052848815918,23
802,546,169,25.86361527442932,23
803,526,163,25.88095259666443,23
804,318,253,26.02714228630066,24
805,311,264,26.042794704437256,24
806,302,292,26.072986364364624,24
807,301,307,26.09160351753235,24
808,304,355,26.120829105377197,24
809,312,380,26.13782238960266,24
810,322,396,26.154179334640503,24
811,348,426,26.185827255249023,24
812,367,440,26.202003479003906,24
813,416,462,26.233076572418213,24
814,459,466,26.251495838165283,24
815,480,463,26.268770933151245,24
816,501,446,26.294681787490845,24
817,510,429,26.316142082214355,24
818,516,414,26.332780361175537,24
819,521,383,26.35796594619751,24
820,522,364,26.373646020889282,24
821,524,347,26.390470504760742,24
822,525,331,26.405672311782837,24
823,525,315,26.42143416404724,24
824,525,306,26.443305492401123,24
825,524,298,26.469111919403076,24
826,523,291,26.484967470169067,24
827,519,282,26.500988721847534,24
828,508,264,26.523834943771362,24
829,494,247,26.548643589019775,24
830,486,238,26.56894540786743,24
831,474,227,26.59621286392212,24
832,464,221,26.612311363220215,24
833,457,216,26.628173828125,24
834,454,215,26.644033432006836,24
835,451,214,26.660818099975586,24
836,448,213,26.677002668380737,24
837,436,211,26.70808219909668,24
838,422,213,26.72360324859619,24
839,340,284,26.87177562713623,25
840,340,303,26.891422986984253,25
841,342,314,26.907525300979614,25
842,348,328,26.92302966117859,25
843,359,349,26.951545238494873,25
844,369,365,26.967679977416992,25
845,386,384,26.990308046340942,25
846,401,396,27.00746989250183,25
847,420,408,27.029999256134033,25
848,431,413,27.046111345291138,25
849,443,414,27.062185525894165,25
850,456,413,27.078278064727783,25
851,470,409,27.095155715942383,25
852,479,402,27.11032795906067,25
853,484,396,27.126322984695435,25
854,492,385,27.14245080947876,25
855,498,376,27.15861487388611,25
856,502,369,27.17458438873291,25
857,505,363,27.19077754020691,25
858,508,356,27.206668376922607,25
859,512,345,27.222719430923462,25
860,519,330,27.23998498916626,25
861,527,313,27.272207975387573,25
862,530,296,27.30075979232788,25
863,530,283,27.319358825683594,25
864,527,272,27.336272478103638,25
865,518,255,27.360074043273926,25
866,510,242,27.382930040359497,25
867,498,230,27.39866542816162,25
868,337,282,27.651873350143433,26
869,339,300,27.667022705078125,26
870,343,316,27.683274507522583,26
871,355,352,27.705947637557983,26
872,364,379,27.72097873687744,26
873,373,405,27.73783016204834,26
874,381,419,27.754892826080322,26
875,385,424,27.769952535629272,26
876,388,426,27.785949230194092,26
877,392,429,27.800999879837036,26
878,397,431,27.817973375320435,26
879,422,434,27.851717472076416,26
880,441,433,27.867082118988037,26
881,481,420,27.899194717407227,26
882,494,409,27.91684079170227,26
883,510,383,27.947207927703857,26
884,517,375,27.962347984313965,26
885,522,369,27.978689193725586,26
886,533,351,28.000859022140503,26
887,539,338,28.018423795700073,26
888,545,318,28.041986227035522,26
889,548,308,28.059959411621094,26
890,549,296,28.07607865333557,26
891,549,276,28.10110831260681,26
892,548,255,28.11644458770752,26
893,545,235,28.133769273757935,26
894,539,209,28.15498685836792,26
895,533,197,28.171106576919556,26
896,527,190,28.187062978744507,26
897,521,186,28.20416522026062,26
898,384,245,28.439772605895996,27
899,381,260,28.46209979057312,27
900,380,276,28.477108001708984,27
901,379,296,28.494203329086304,27
902,381,337,28.525094032287598,27
903,383,350,28.54311513900757,27
904,388,364,28.56788182258606,27
905,393,373,28.583335876464844,27
906,407,387,28.606194019317627,27
907,419,396,28.62122893333435,27
908,436,404,28.63825249671936,27
909,452,411,28.65516448020935,27
910,471,413,28.685441255569458,27
911,477,411,28.703282594680786,27
912,500,395,28.73528504371643,27
913,513,385,28.751172304153442,27
914,529,369,28.775999307632446,27
915,533,356,28.792255401611328,27
916,535,342,28.80890703201294,27
917,538,324,28.831982612609863,27
918,541,308,28.85797929763794,27
919,541,291,28.879769802093506,27
920,539,276,28.8961820602417,27
921,392,226,29.138785362243652,28
922,381,240,29.16503596305847,28
923,373,254,29.18500280380249,28
924,369,261,29.20033884048462,28
925,365,273,29.216228246688843,28
926,364,285,29.2320556640625,28
927,367,301,29.248047590255737,28
928,369,315,29.263787984848022,28
929,369,335,29.279874801635742,28
930,369,349,29.296662092208862,28
931,370,354,29.314012050628662,28
932,371,359,29.331819772720337,28
933,377,369,29.361994743347168,28
934,385,377,29.378175497055054,28
935,395,382,29.3939950466156,28
936,410,386,29.409955739974976,28
937,446,393,29.442925691604614,28
938,475,386,29.47490882873535,28
939,487,377,29.491589546203613,28
940,498,366,29.508289575576782,28
941,512,352,29.525249004364014,28
942,545,323,29.555183172225952,28
943,566,294,29.58699131011963,28
944,568,289,29.60284447669983,28
945,569,280,29.618768215179443,28
946,570,268,29.63610053062439,28
947,569,254,29.651992321014404,28
948,567,246,29.668105602264404,28
949,560,230,29.701690435409546,28
950,552,219,29.724632501602173,28
951,536,210,29.748483419418335,28
952,518,205,29.763991832733154,28
953,473,200,29.795982360839844,28
954,301,238,29.92689061164856,29
955,295,249,29.956043243408203,29
956,294,266,29.971388578414917,29
957,294,291,29.987411737442017,29
958,296,315,30.005011796951294,29
959,300,336,30.021283864974976,29
960,305,356,30.03974938392639,29
961,314,380,30.055784940719604,29
962,329,394,30.086002349853516,29
963,340,401,30.102131128311157,29
964,374,408,30.13509511947632,29
965,398,411,30.159279108047485,29
966,422,409,30.17515730857849,29
967,456,405,30.20081877708435,29
968,501,387,30.23029351234436,29
969,522,368,30.24981951713562,29
970,526,362,30.278989553451538,29
971,531,353,30.295202255249023,29
972,538,339,30.32372784614563,29
973,539,329,30.33945083618164,29
974,541,315,30.355342626571655,29
975,541,303,30.37099862098694,29
976,540,296,30.386489629745483,29
977,539,289,30.408955335617065,29
978,533,274,30.440213680267334,29
979,525,262,30.465984106063843,29
980,516,253,30.48522400856018,29
981,308,311,30.706308603286743,30
982,307,324,30.721586227416992,30
983,307,333,30.737534284591675,30
984,311,346,30.753504514694214,30
985,316,356,30.769482612609863,30
986,320,367,30.785534858703613,30
987,326,375,30.80158805847168,30
988,338,389,30.81743621826172,30
989,351,401,30.833256721496582,30
990,367,412,30.849236488342285,30
991,386,422,30.866000413894653,30
992,402,427,30.881061792373657,30
993,420,429,30.89689588546753,30
994,431,432,30.913341999053955,30
995,442,431,30.92997121810913,30
996,458,426,30.94516682624817,30
997,478,418,30.962061643600464,30
998,502,408,30.977951765060425,30
999,523,399,30.993570804595947,30
1000,539,388,31.009438276290894,30
1001,554,375,31.02522921562195,30
1002,565,364,31.0410213470459,30
1003,568,358,31.057077884674072,30
1004,572,347,31.072981357574463,30
1005,577,322,31.088850021362305,30
1006,582,299,31.10477638244629,30
1007,584,278,31.12438178062439,30
1008,586,242,31.15620231628418,30
1009,580,207,31.184672594070435,30
1010,572,194,31.2029390335083,30
1011,557,182,31.23511815071106,30
1012,541,175,31.258697509765625,30
1013,514,173,31.28410840034485,30
1014,487,176,31.300949335098267,30
1015,336,262,31.430761098861694,31
1016,328,280,31.460957050323486,31
1017,327,297,31.47693657875061,31
1018,327,314,31.49298620223999,31
1019,331,330,31.50897526741028,31
1020,335,342,31.52472424507141,31
1021,341,355,31.54070281982422,31
1022,349,366,31.556963443756104,31
1023,360,378,31.57285237312317,31
1024,372,387,31.588457107543945,31
1025,380,392,31.605090379714966,31
1026,387,393,31.620323419570923,31
1027,396,395,31.636207103729248,31
1028,406,398,31.653963088989258,31
1029,420,399,31.670122146606445,31
1030,433,400,31.686110258102417,31
1031,452,394,31.71829104423523,31
1032,462,386,31.741085290908813,31
1033,486,367,31.766853094100952,31
1034,528,335,31.80011010169983,31
1035,560,305,31.822941064834595,31
1036,579,274,31.844196796417236,31
1037,582,259,31.862985610961914,31
1038,583,243,31.878973960876465,31
1039,581,224,31.89497399330139,31
1040,565,195,31.927200078964233,31
1041,550,182,31.94312858581543,31
1042,530,172,31.976728916168213,31
1043,514,168,32.00088667869568,31
1044,491,165,32.02084827423096,31
1045,474,165,32.035937547683716,31
1046,459,167,32.05420684814453,31
1047,406,186,32.08783721923828,31
1048,383,198,32.103952169418335,31
1049,322,292,32.22576594352722,32
1050,329,309,32.24146389961243,32
1051,343,330,32.26517939567566,32
1052,364,355,32.28993344306946,32
1053,380,368,32.305792808532715,32
1054,394,378,32.32183647155762,32
1055,406,382,32.33795380592346,32
1056,417,383,32.354161739349365,32
1057,428,383,32.370046615600586,32
1058,438,383,32.38579845428467,32
1059,446,382,32.4017333984375,32
1060,460,377,32.41803479194641,32
1061,476,371,32.43354249000549,32
1062,492,359,32.44994401931763,32
1063,505,346,32.465195655822754,32
1064,512,336,32.48115944862366,32
1065,522,323,32.49660086631775,32
1066,528,308,32.51254343986511,32
1067,532,294,32.53001141548157,32
1068,533,282,32.54583191871643,32
1069,530,251,32.57800841331482,32
1070,524,238,32.60779428482056,32
1071,521,232,32.623600482940674,32
1072,517,227,32.6431565284729,32
1073,512,224,32.668402433395386,32
1074,505,222,32.6878399848938,32
1075,491,221,32.70831537246704,32
1076,449,223,32.73899173736572,32
1077,423,226,32.75427556037903,32
1078,313,317,32.87778067588806,33
1079,311,348,32.90129899978638,33
1080,315,378,32.93546104431152,33
1081,325,415,32.9633526802063,33
1082,335,432,32.979334592819214,33
1083,346,450,32.99610757827759,33
1084,362,462,33.011616706848145,33
1085,375,467,33.02895450592041,33
1086,393,471,33.04494547843933,33
1087,417,475,33.061137437820435,33
1088,458,470,33.09204602241516,33
1089,474,459,33.10815930366516,33
1090,488,441,33.12515044212341,33
1091,499,425,33.140166997909546,33
1092,510,411,33.15699219703674,33
1093,522,397,33.172863483428955,33
1094,536,383,33.188841342926025,33
1095,548,370,33.204994916915894,33
1096,554,357,33.22109532356262,33
1097,558,344,33.23689079284668,33
1098,559,334,33.254286766052246,33
1099,560,323,33.27012610435486,33
1100,560,310,33.28789186477661,33
1101,556,271,33.31793475151062,33
1102,551,255,33.33312249183655,33
1103,452,234,33.49678373336792,34
1104,417,271,33.52092528343201,34
1105,385,305,33.54284739494324,34
1106,368,324,33.558998584747314,34
1107,358,345,33.574981451034546,34
1108,353,361,33.59117650985718,34
1109,350,375,33.608561754226685,34
1110,352,392,33.63925647735596,34
1111,357,403,33.65527272224426,34
1112,364,412,33.67116713523865,34
1113,373,428,33.68739986419678,34
1114,386,442,33.704131841659546,34
1115,396,451,33.719932079315186,34
1116,407,455,33.73521161079407,34
1117,418,460,33.751243114471436,34
1118,433,462,33.76695251464844,34
1119,450,462,33.78313207626343,34
1120,466,457,33.79998517036438,34
1121,495,443,33.83485388755798,34
1122,509,429,33.85696744918823,34
1123,518,410,33.88337421417236,34
1124,523,387,33.90520715713501,34
1125,530,360,33.92898678779602,34
1126,531,347,33.94513750076294,34
1127,534,325,33.96114802360535,34
1128,535,305,33.97719955444336,34
1129,535,288,33.99309730529785,34
1130,532,273,34.00895404815674,34
1131,527,261,34.024935483932495,34
1132,519,248,34.040770292282104,34
1133,508,237,34.05669355392456,34
1134,492,226,34.072746992111206,34
1135,475,220,34.08856153488159,34
1136,465,219,34.10468125343323,34
1137,337,304,34.23386073112488,35
1138,333,318,34.25183081626892,35
1139,331,339,34.27669310569763,35
1140,333,372,34.30073380470276,35
1141,345,400,34.33098840713501,35
1142,349,412,34.346386671066284,35
1143,355,424,34.36211109161377,35
1144,361,431,34.3792040348053,35
1145,372,439,34.411099910736084,35
1146,388,444,34.444011211395264,35
1147,405,446,34.45999884605408,35
1148,433,447,34.485108375549316,35
1149,456,444,34.50913166999817,35
1150,469,438,34.52592992782593,35
1151,478,431,34.54118037223816,35
1152,494,404,34.57200813293457,35
1153,506,387,34.58747053146362,35
1154,530,338,34.620999813079834,35
1155,538,314,34.63610219955444,35
1156,541,291,34.65310859680176,35
1157,545,265,34.67618918418884,35
1158,544,237,34.7013943195343,35
1159,534,203,34.73092555999756,35
1160,521,189,34.75946521759033,35
1161,507,180,34.779980421066284,35
1162,486,174,34.80750918388367,35
1163,338,262,34.98376655578613,36
1164,344,290,35.002100229263306,36
1165,349,308,35.02084279060364,36
1166,359,327,35.03799247741699,36
1167,378,357,35.056763887405396,36
1168,393,380,35.08719325065613,36
1169,408,397,35.11623406410217,36
1170,412,401,35.131425619125366,36
1171,417,404,35.16014099121094,36
1172,423,403,35.175390005111694,36
1173,442,397,35.198959827423096,36
1174,462,383,35.22480320930481,36
1175,480,365,35.241881132125854,36
1176,489,354,35.257882833480835,36
1177,493,350,35.27413368225098,36
1178,498,343,35.29599595069885,36
1179,505,329,35.31323456764221,36
1180,512,308,35.33599662780762,36
1181,514,286,35.35425043106079,36
1182,515,273,35.37026023864746,36
1183,515,267,35.38626194000244,36
1184,512,248,35.40400242805481,36
1185,505,233,35.42400050163269,36
1186,495,221,35.44176959991455,36
1187,484,212,35.45783758163452,36
1188,470,207,35.47490859031677,36
1189,321,240,35.616997957229614,37
1190,317,260,35.640809297561646,37
1191,315,275,35.656468629837036,37
1192,313,295,35.67463254928589,37
1193,312,333,35.69982051849365,37
1194,319,372,35.72201061248779,37
1195,333,398,35.753989458084106,37
1196,340,408,35.76999616622925,37
1197,348,416,35.78600478172302,37
1198,376,429,35.81176424026489,37
1199,409,438,35.83517336845398,37
1200,442,439,35.8590145111084,37
1201,464,437,35.87586450576782,37
1202,478,430,35.89137291908264,37
1203,497,410,35.9154531955719,37
1204,521,366,35.947192668914795,37
1205,529,311,35.97900152206421,37
1206,517,270,36.01108646392822,37
1207,500,234,36.042988300323486,37
1208,485,216,36.07690501213074,37
1209,432,208,36.205716371536255,38
1210,416,225,36.22092938423157,38
1211,380,257,36.25195932388306,38
1212,362,285,36.283222913742065,38
1213,360,295,36.30937838554382,38
1214,360,302,36.325793981552124,38
1215,360,310,36.35081887245178,38
1216,361,319,36.36783719062805,38
1217,366,330,36.390647172927856,38
1218,374,340,36.40631890296936,38
1219,389,350,36.42217230796814,38
1220,411,363,36.44500160217285,38
1221,432,365,36.470146894454956,38
1222,446,366,36.492846727371216,38
1223,468,368,36.51800227165222,38
1224,491,370,36.53342866897583,38
1225,508,371,36.54965353012085,38
1226,518,370,36.56572461128235,38
1227,523,367,36.581830978393555,38
1228,525,358,36.597787380218506,38
1229,527,345,36.61349821090698,38
1230,531,328,36.62944221496582,38
1231,535,310,36.64543676376343,38
1232,540,291,36.66148853302002,38
1233,543,271,36.67778921127319,38
1234,544,248,36.69387865066528,38
1235,543,229,36.70983171463013,38
1236,537,218,36.7269651889801,38
1237,527,208,36.74295449256897,38
1238,378,209,36.88077187538147,39
1239,373,216,36.89670491218567,39
1240,365,236,36.91915845870972,39
1241,362,248,36.93523573875427,39
1242,357,271,36.95215630531311,39
1243,361,325,36.9832546710968,39
1244,363,343,36.99908661842346,39
1245,366,353,37.01579284667969,39
1246,369,362,37.0308780670166,39
1247,375,371,37.04678750038147,39
1248,385,382,37.06456255912781,39
1249,401,392,37.080004930496216,39
1250,423,403,37.095999002456665,39
1251,448,408,37.11214065551758,39
1252,490,406,37.14493179321289,39
1253,527,377,37.17456793785095,39
1254,537,356,37.19275879859924,39
1255,545,302,37.2248170375824,39
1256,544,279,37.2427179813385,39
1257,541,259,37.25827670097351,39
1258,522,225,37.29096078872681,39
1259,497,203,37.321990728378296,39
1260,370,185,37.45176839828491,40
1261,363,202,37.46822690963745,40
1262,355,220,37.483925104141235,40
1263,351,238,37.50077271461487,40
1264,348,257,37.51677751541138,40
1265,350,292,37.5391058921814,40
1266,353,315,37.56588077545166,40
1267,367,350,37.595109939575195,40
1268,380,365,37.62717866897583,40
1269,390,368,37.64223575592041,40
1270,402,369,37.65911269187927,40
1271,417,367,37.6741669178009,40
1272,434,361,37.69231128692627,40
1273,465,346,37.71707224845886,40
1274,481,338,37.74169111251831,40
1275,486,324,37.771947145462036,40
1276,489,306,37.791566133499146,40
1277,491,284,37.82000231742859,40
1278,492,265,37.836148262023926,40
1279,488,238,37.86655068397522,40
1280,485,229,37.88237547874451,40
1281,479,222,37.90028762817383,40
1282,455,204,37.93369102478027,40
1283,425,196,37.95856595039368,40
1284,302,278,38.103776693344116,41
1285,312,320,38.12673592567444,41
1286,332,354,38.14989161491394,41
1287,346,374,38.16657018661499,41
1288,359,386,38.18376016616821,41
1289,368,393,38.19976830482483,41
1290,388,401,38.22211050987244,41
1291,410,404,38.238285064697266,41
1292,434,406,38.254950284957886,41
1293,477,403,38.2708899974823,41
1294,499,394,38.288265228271484,41
1295,511,384,38.30369853973389,41
1296,515,378,38.31943917274475,41
1297,522,367,38.3351366519928,41
1298,531,354,38.35123157501221,41
1299,539,339,38.3673095703125,41
1300,547,327,38.38312911987305,41
1301,554,315,38.39902448654175,41
1302,557,305,38.415127754211426,41
1303,557,293,38.43115282058716,41
1304,554,280,38.4497549533844,41
1305,545,256,38.48175072669983,41
1306,430,196,38.650776624679565,42
1307,422,209,38.67460250854492,42
1308,412,232,38.705007791519165,42
1309,410,246,38.720563888549805,42
1310,408,260,38.73655414581299,42
1311,407,269,38.75263476371765,42
1312,405,290,38.768513202667236,42
1313,403,310,38.78468585014343,42
1314,402,327,38.8008177280426,42
1315,402,339,38.81688117980957,42
1316,403,348,38.83263897895813,42
1317,406,353,38.848671674728394,42
1318,412,358,38.86461091041565,42
1319,419,363,38.88035869598389,42
1320,432,370,38.89692783355713,42
1321,451,376,38.91247487068176,42
1322,473,378,38.92983841896057,42
1323,507,375,38.9602153301239,42
1324,515,369,38.97783946990967,42
1325,527,349,39.00983142852783,42
1326,538,317,39.04282212257385,42
1327,547,279,39.07428979873657,42
1328,542,252,39.108622789382935,42
1329,521,225,39.1389057636261,42
1330,504,212,39.15488386154175,42
1331,307,198,39.28577136993408,43
1332,305,223,39.30936932563782,43
1333,304,255,39.332027196884155,43
1334,305,281,39.349504232406616,43
1335,313,340,39.37939238548279,43
1336,316,356,39.39601111412048,43
1337,318,359,39.41144585609436,43
1338,320,362,39.4276556968689,43
1339,322,365,39.444079637527466,43
1340,330,369,39.45980095863342,43
1341,347,375,39.47693753242493,43
1342,381,384,39.500969886779785,43
1343,415,383,39.52446269989014,43
1344,435,378,39.54064655303955,43
1345,457,370,39.55612397193909,43
1346,473,360,39.57213258743286,43
1347,484,348,39.59100341796875,43
1348,500,326,39.6137855052948,43
1349,509,302,39.63655400276184,43
1350,514,288,39.654032945632935,43
1351,518,274,39.67019271850586,43
1352,521,245,39.70008730888367,43
1353,516,228,39.71597623825073,43
1354,508,211,39.73343324661255,43
1355,495,192,39.75808334350586,43
1356,366,232,39.89663600921631,44
1357,357,274,39.918294191360474,44
1358,355,306,39.94313883781433,44
1359,358,329,39.9586398601532,44
1360,367,352,39.974310636520386,44
1361,376,373,39.99115443229675,44
1362,384,385,40.00682020187378,44
1363,394,395,40.02282094955444,44
1364,410,405,40.038981199264526,44
1365,430,415,40.05471396446228,44
1366,463,424,40.070650815963745,44
1367,494,425,40.08791923522949,44
1368,516,425,40.10393691062927,44
1369,538,410,40.13594102859497,44
1370,546,394,40.15187954902649,44
1371,563,352,40.183154582977295,44
1372,564,314,40.21776294708252,44
1373,551,275,40.25029444694519,44
1374,532,248,40.27512049674988,44
1375,512,227,40.29710364341736,44
1376,500,219,40.313008546829224,44
1377,381,239,40.42090725898743,45
1378,374,250,40.43689513206482,45
1379,365,270,40.45288109779358,45
1380,358,284,40.46878623962402,45
1381,354,295,40.48882722854614,45
1382,348,318,40.51651859283447,45
1383,348,333,40.53783869743347,45
1384,349,358,40.569838762283325,45
1385,358,374,40.60183835029602,45
1386,374,388,40.63304567337036,45
1387,399,399,40.659422874450684,45
1388,423,402,40.675440549850464,45
1389,450,404,40.69145727157593,45
1390,468,403,40.707812547683716,45
1391,477,399,40.72380518913269,45
1392,484,390,40.73980355262756,45
1393,492,378,40.75562930107117,45
1394,503,360,40.77179479598999,45
1395,514,342,40.78780698776245,45
1396,523,318,40.80364274978638,45
1397,529,300,40.819796085357666,45
1398,534,281,40.83579111099243,45
1399,537,265,40.85172247886658,45
1400,537,250,40.867830991744995,45
1401,426,182,41.00577998161316,46
1402,403,201,41.02799582481384,46
1403,386,210,41.0438871383667,46
1404,372,220,41.06001377105713,46
1405,362,236,41.07577729225159,46
1406,350,254,41.091901540756226,46
1407,344,266,41.1082124710083,46
1408,341,275,41.12489581108093,46
1409,340,286,41.14115047454834,46
1410,342,309,41.166757583618164,46
1411,350,340,41.19051933288574,46
1412,362,373,41.2067232131958,46
1413,376,395,41.23563504219055,46
1414,387,407,41.25393748283386,46
1415,406,419,41.26994061470032,46
1416,452,431,41.301939964294434,46
1417,477,431,41.334898948669434,46
1418,495,419,41.35789132118225,46
1419,510,405,41.374335050582886,46
1420,524,387,41.390501260757446,46
1421,533,353,41.41270327568054,46
1422,535,331,41.42999982833862,46
1423,533,287,41.45694899559021,46
1424,363,182,41.60077500343323,47
1425,352,194,41.617016315460205,47
1426,330,223,41.64003777503967,47
1427,312,246,41.65585398674011,47
1428,306,258,41.671974897384644,47
1429,297,285,41.68777513504028,47
1430,292,308,41.70360732078552,47
1431,291,330,41.71969223022461,47
1432,294,349,41.73566675186157,47
1433,299,364,41.75148391723633,47
1434,311,380,41.7679500579834,47
1435,328,394,41.783830404281616,47
1436,357,413,41.79988932609558,47
1437,413,435,41.81559443473816,47
1438,490,449,41.83177399635315,47
1439,586,456,41.847744941711426,47
1440,644,455,41.86672019958496,47
1441,665,427,41.89700126647949,47
1442,660,369,41.929001808166504,47
1443,655,325,41.94518566131592,47
1444,641,289,41.961114168167114,47
1445,606,242,41.993597984313965,47
1446,420,238,42.1637704372406,48
1447,415,255,42.179304361343384,48
1448,410,282,42.20192623138428,48
1449,408,304,42.218055963516235,48
1450,406,324,42.23501253128052,48
1451,409,344,42.25047993659973,48
1452,413,357,42.26656699180603,48
1453,416,365,42.282370805740356,48
1454,418,368,42.29805612564087,48
1455,424,372,42.31486773490906,48
1456,435,376,42.3299355506897,48
1457,447,376,42.34802174568176,48
1458,471,369,42.373576402664185,48
1459,503,350,42.394590854644775,48
1460,523,339,42.410335302352905,48
1461,537,323,42.4279727935791,48
1462,544,291,42.45814538002014,48
1463,544,275,42.47420072555542,48
1464,542,250,42.49018931388855,48
1465,538,233,42.50793504714966,48
1466,513,198,42.53994345664978,48
1467,329,310,42.71088409423828,49
1468,331,332,42.73288869857788,49
1469,335,345,42.75034713745117,49
1470,347,365,42.78092622756958,49
1471,357,376,42.79629445075989,49
1472,368,387,42.81228232383728,49
1473,388,396,42.829941272735596,49
1474,409,401,42.84594130516052,49
1475,450,403,42.87794089317322,49
1476,464,399,42.89394688606262,49
1477,484,388,42.92462611198425,49
1478,510,369,42.95740985870361,49
1479,527,341,42.989741802215576,49
1480,532,314,43.022944688797,49
1481,532,284,43.05494427680969,49
1482,531,267,43.07094073295593,49
1483,528,251,43.08694410324097,49
1484,362,200,43.225178241729736,50
1485,359,208,43.24687719345093,50
1486,356,213,43.2639422416687,50
1487,346,237,43.279298067092896,50
1488,336,268,43.295093059539795,50
1489,333,292,43.31194186210632,50
1490,330,334,43.34255337715149,50
1491,330,343,43.35994219779968,50
1492,330,349,43.375938415527344,50
1493,335,358,43.40752601623535,50
1494,349,376,43.438859701156616,50
1495,374,396,43.47294282913208,50
1496,389,397,43.488948583602905,50
1497,422,391,43.5209424495697,50
1498,457,373,43.55294132232666,50
1499,494,349,43.584903717041016,50
1500,523,332,43.6132538318634,50
1501,527,324,43.62831449508667,50
1502,528,311,43.644266843795776,50
1503,528,299,43.66268229484558,50
1504,524,273,43.69794487953186,50
1505,512,244,43.73143553733826,50
1506,361,231,43.89099168777466,51
1507,342,244,43.91507625579834,51
1508,337,255,43.93120360374451,51
1509,331,269,43.94709587097168,51
1510,328,288,43.9631667137146,51
1511,328,309,43.979219913482666,51
1512,330,334,43.99504017829895,51
1513,336,365,44.01082682609558,51
1514,342,388,44.02659797668457,51
1515,349,408,44.042725563049316,51
1516,353,424,44.05866527557373,51
1517,361,439,44.07629680633545,51
1518,372,455,44.10747814178467,51
1519,381,462,44.140125036239624,51
1520,396,458,44.17194604873657,51
1521,415,448,44.18795299530029,51
1522,457,420,44.2199444770813,51
1523,471,410,44.23594379425049,51
1524,481,398,44.26894569396973,51
1525,500,379,44.299803733825684,51
1526,520,365,44.33125853538513,51
1527,524,362,44.34672427177429,51
1528,530,357,44.37806224822998,51
1529,542,347,44.40799927711487,51
1530,550,335,44.42373466491699,51
1531,554,325,44.441473722457886,51
1532,562,297,44.47156071662903,51
1533,564,290,44.487409591674805,51
1534,566,277,44.50315594673157,51
1535,566,260,44.52094268798828,51
1536,558,242,44.5511212348938,51
1537,554,232,44.56734037399292,51
1538,552,230,44.58319568634033,51
1539,547,222,44.59888505935669,51
1540,541,213,44.61481523513794,51
1541,535,207,44.63092827796936,51
1542,527,202,44.6465163230896,51
1543,397,183,44.80093693733215,52
1544,386,193,44.82347917556763,52
1545,381,201,44.8393497467041,52
1546,375,211,44.85612416267395,52
1547,362,227,44.887941122055054,52
1548,352,243,44.91989302635193,52
1549,337,271,44.951942920684814,52
1550,333,285,44.967870235443115,52
1551,331,319,44.99980449676514,52
1552,332,328,45.01564812660217,52
1553,338,345,45.04893469810486,52
1554,345,366,45.07706546783447,52
1555,350,378,45.09498691558838,52
1556,364,402,45.12894034385681,52
1557,378,418,45.15582299232483,52
1558,385,423,45.171836853027344,52
1559,393,428,45.18915104866028,52
1560,405,430,45.2190260887146,52
1561,415,430,45.23967146873474,52
1562,422,428,45.26673197746277,52
1563,432,427,45.28267574310303,52
1564,450,426,45.29866051673889,52
1565,471,424,45.31463432312012,52
1566,483,422,45.33053278923035,52
1567,488,421,45.3462700843811,52
1568,492,419,45.362064361572266,52
1569,496,415,45.377936363220215,52
1570,502,408,45.39509439468384,52
1571,508,400,45.41009497642517,52
1572,515,390,45.42670202255249,52
1573,520,382,45.44188475608826,52
1574,526,374,45.457712173461914,52
1575,530,362,45.47480249404907,52
1576,539,339,45.50715208053589,52
1577,543,314,45.53894925117493,52
1578,544,296,45.57143759727478,52
1579,544,274,45.60230612754822,52
1580,541,246,45.63593411445618,52
1581,531,220,45.66470766067505,52
1582,528,213,45.68101787567139,52
1583,524,208,45.69852948188782,52
1584,510,197,45.728026390075684,52
1585,499,193,45.74681329727173,52
1586,478,187,45.78094124794006,52
1587,457,179,45.81311559677124,52
1588,438,178,45.8432092666626,52
1589,421,184,45.87480068206787,52
1590,406,191,45.907474517822266,52
1591,371,205,45.94094967842102,52
1592,342,221,45.96575856208801,52
1593,326,233,45.98162579536438,52
1594,311,247,45.997397661209106,52
1595,301,259,46.01493310928345,52
1596,283,284,46.031909465789795,52
1597,275,296,46.06194305419922,52
1598,275,298,46.0773491859436,52
1599,275,301,46.093939542770386,52
1600,284,359,46.157931089401245,53
1601,286,363,46.176284074783325,53
1602,296,380,46.205947399139404,53
1603,307,392,46.221935510635376,53
1604,321,406,46.23787069320679,53
1605,336,415,46.25494432449341,53
1606,349,420,46.27094221115112,53
1607,373,427,46.302945375442505,53
1608,392,433,46.33300185203552,53
1609,399,436,46.35102438926697,53
1610,412,438,46.36791014671326,53
1611,443,441,46.399797677993774,53
1612,474,443,46.43058657646179,53
1613,491,441,46.46393418312073,53
1614,498,433,46.49099397659302,53
1615,505,426,46.5119423866272,53
1616,521,405,46.53828692436218,53
1617,522,403,46.55414295196533,53
1618,527,392,46.56996774673462,53
1619,531,380,46.58587646484375,53
1620,533,367,46.60158920288086,53
1621,534,354,46.61725664138794,53
1622,538,338,46.63310885429382,53
1623,540,323,46.648866415023804,53
1624,542,304,46.665008306503296,53
1625,542,286,46.680766344070435,53
1626,542,269,46.697386026382446,53
1627,542,253,46.71272826194763,53
1628,542,242,46.72881007194519,53
1629,542,234,46.74594688415527,53
1630,541,219,46.77793884277344,53
1631,537,206,46.810100078582764,53
1632,534,200,46.82608604431152,53
1633,526,194,46.857932329177856,53
1634,510,189,46.89014196395874,53
1635,497,185,46.91543960571289,53
1636,477,184,46.93894553184509,53
1637,445,185,46.967575788497925,53
1638,431,187,46.98463273048401,53
1639,413,198,47.01894426345825,53
1640,395,217,47.05112838745117,53
1641,387,226,47.08261752128601,53
1642,379,235,47.11048340797424,53
1643,374,245,47.126298666000366,53
1644,369,257,47.142974615097046,53
1645,365,274,47.15953850746155,53
1646,363,289,47.179932832717896,53
1647,357,307,47.2055344581604,53
1648,354,312,47.22155237197876,53
1649,353,326,47.237499952316284,53
1650,352,337,47.25450539588928,53
1651,353,349,47.27286386489868,53
1652,355,366,47.301281213760376,53
1653,360,384,47.317190170288086,53
1654,362,389,47.33334159851074,53
1655,365,404,47.34945464134216,53
1656,370,419,47.365763664245605,53
1657,375,435,47.38173532485962,53
1658,382,450,47.39774131774902,53
1659,386,460,47.41674780845642,53
1660,388,461,47.47708010673523,53
1661,393,459,47.493083477020264,53
1662,400,456,47.509153842926025,53
1663,410,452,47.5250506401062,53
1664,421,447,47.55678963661194,54
1665,425,445,47.57394528388977,54
1666,440,433,47.60419321060181,54
1667,447,426,47.621163845062256,54
1668,453,418,47.65323305130005,54
1669,474,405,47.81515908241272,55
1670,481,400,47.848477363586426,55
1671,484,393,47.87199878692627,55
1672,489,381,47.891682863235474,55
1673,492,376,47.911104679107666,55
1674,494,365,47.926337003707886,55
1675,498,343,47.95812797546387,55
1676,498,321,47.991466760635376,55
1677,500,296,48.02394461631775,55
1678,503,276,48.052940368652344,55
1679,504,254,48.08503484725952,55
1680,505,244,48.11333203315735,55
1681,505,235,48.132389307022095,55
1682,504,229,48.16096591949463,55
1683,504,227,48.176841020584106,55
1684,500,223,48.19274663925171,55
1685,493,216,48.20893311500549,55
1686,481,208,48.22483158111572,55
1687,470,202,48.240965366363525,55
1688,459,197,48.2569317817688,55
1689,449,194,48.27227973937988,55
1690,441,192,48.28893780708313,55
1691,432,191,48.30495095252991,55
1692,422,191,48.320082664489746,55
1693,415,191,48.33694839477539,55
1694,405,193,48.35220408439636,55
1695,394,196,48.369253635406494,55
1696,385,203,48.38594460487366,55
1697,374,214,48.4019513130188,55
1698,354,244,48.433135747909546,55
1699,341,270,48.46239447593689,55
1700,335,289,48.48022770881653,55
1701,331,333,48.513946294784546,55
1702,334,377,48.5416796207428,55
1703,338,403,48.561681032180786,55
1704,347,426,48.58903908729553,55
1705,352,433,48.60479998588562,55
1706,357,438,48.62045979499817,55
1707,364,441,48.63619899749756,55
1708,369,442,48.65192985534668,55
1709,386,444,48.66761612892151,55
1710,408,445,48.68335437774658,55
1711,431,447,48.69908285140991,55
1712,451,447,48.71503472328186,55
1713,466,447,48.731045722961426,55
1714,478,447,48.7470121383667,55
1715,487,445,48.764097690582275,55
1716,512,421,48.795947313308716,55
1717,524,400,48.81095504760742,55
1718,536,379,48.8279345035553,55
1719,549,344,48.860438108444214,55
1720,551,322,48.890188694000244,55
1721,491,223,49.0962347984314,56
1722,482,223,49.117045164108276,56
1723,474,225,49.13294959068298,56
1724,460,229,49.14873766899109,56
1725,445,235,49.16475057601929,56
1726,431,243,49.18124485015869,56
1727,423,249,49.19723701477051,56
1728,418,254,49.212528705596924,56
1729,414,257,49.2289137840271,56
1730,411,260,49.24411463737488,56
1731,408,264,49.26211714744568,56
1732,400,274,49.293877363204956,56
1733,389,294,49.32694458961487,56
1734,385,300,49.35812997817993,56
1735,379,312,49.39094281196594,56
1736,376,326,49.42294692993164,56
1737,378,347,49.45494365692139,56
1738,383,362,49.481595039367676,56
1739,388,370,49.49725842475891,56
1740,392,378,49.51294493675232,56
1741,398,383,49.529391288757324,56
1742,402,385,49.54443717002869,56
1743,410,386,49.56031394004822,56
1744,419,388,49.57624340057373,56
1745,431,389,49.59191536903381,56
1746,447,389,49.607905864715576,56
1747,465,387,49.623915910720825,56
1748,477,382,49.64189863204956,56
1749,495,372,49.67294430732727,56
1750,515,352,49.70494747161865,56
1751,518,347,49.72094774246216,56
1752,530,319,49.752944469451904,56
1753,539,291,49.784926891326904,56
1754,405,196,50.02048110961914,57
1755,395,204,50.04212307929993,57
1756,386,213,50.057809591293335,57
1757,373,226,50.07571721076965,57
1758,350,255,50.10568189620972,57
1759,338,271,50.12298393249512,57
1760,324,296,50.156253814697266,57
1761,319,320,50.186944007873535,57
1762,318,352,50.217034339904785,57
1763,321,370,50.23510146141052,57
1764,330,402,50.26522135734558,57
1765,336,410,50.28041481971741,57
1766,342,416,50.29568266868591,57
1767,349,422,50.313578844070435,57
1768,371,431,50.34794592857361,57
1769,409,432,50.380125284194946,57
1770,456,425,50.41210436820984,57
1771,484,411,50.440216064453125,57
1772,502,393,50.4769332408905,57
1773,515,363,50.50461030006409,57
1774,520,328,50.54093527793884,57
1775,520,293,50.5729444026947,57
1776,516,260,50.60112905502319,57
1777,505,231,50.62966346740723,57
1778,494,215,50.64574193954468,57
1779,399,179,50.79943799972534,58
1780,395,181,50.821521520614624,58
1781,389,188,50.83779525756836,58
1782,383,197,50.85398006439209,58
1783,376,210,50.87002086639404,58
1784,366,228,50.88714647293091,58
1785,340,297,50.91819763183594,58
1786,330,340,50.93433666229248,58
1787,319,378,50.950934171676636,58
1788,315,405,50.98312425613403,58
1789,317,421,51.01360464096069,58
1790,320,430,51.03057265281677,58
1791,329,451,51.064125061035156,58
1792,337,459,51.08011531829834,58
1793,364,471,51.11194038391113,58
1794,383,471,51.12793731689453,58
1795,430,460,51.15993666648865,58
1796,476,439,51.19145917892456,58
1797,496,417,51.22413945198059,58
1798,512,390,51.25388979911804,58
1799,527,369,51.2891309261322,58
1800,536,353,51.315152645111084,58
1801,539,342,51.33694577217102,58
1802,546,316,51.36284375190735,58
1803,548,301,51.37981724739075,58
1804,550,286,51.39613366127014,58
1805,547,256,51.42638063430786,58
1806,541,242,51.442514181137085,58
1807,533,230,51.45821928977966,58
1808,525,219,51.473883628845215,58
1809,513,210,51.48973560333252,58
1810,501,204,51.50544214248657,58
1811,487,199,51.52193808555603,58
1812,383,226,51.64910650253296,59
1813,380,229,51.66513156890869,59
1814,370,241,51.681190729141235,59
1815,362,254,51.6963677406311,59
1816,356,272,51.71281433105469,59
1817,351,295,51.728484869003296,59
1818,349,314,51.744569540023804,59
1819,351,334,51.76277017593384,59
1820,360,356,51.78164982795715,59
1821,368,366,51.81194734573364,59
1822,384,378,51.83996391296387,59
1823,398,388,51.85993432998657,59
1824,435,398,51.88944149017334,59
1825,452,394,51.92394256591797,59
1826,462,386,51.95306158065796,59
1827,492,369,51.98794436454773,59
1828,508,360,52.00393772125244,59
1829,527,341,52.03071713447571,59
1830,533,330,52.04654097557068,59
1831,535,321,52.063865661621094,59
1832,536,296,52.096134185791016,59
1833,532,283,52.111239433288574,59
1834,525,269,52.12914443016052,59
1835,515,250,52.157732009887695,59
1836,509,243,52.17352223396301,59
1837,385,226,52.334004640579224,60
1838,377,235,52.349961280822754,60
1839,372,241,52.365997076034546,60
1840,370,244,52.38187098503113,60
1841,366,251,52.39819836616516,60
1842,366,254,52.413928747177124,60
1843,363,269,52.42998385429382,60
1844,363,291,52.44793176651001,60
1845,365,326,52.478941440582275,60
1846,369,349,52.510942459106445,60
1847,384,373,52.54145050048828,60
1848,393,384,52.55738854408264,60
1849,402,391,52.57271337509155,60
1850,412,393,52.588682651519775,60
1851,426,395,52.60461235046387,60
1852,452,396,52.62072205543518,60
1853,471,394,52.636396408081055,60
1854,492,387,52.6540105342865,60
1855,522,366,52.68794131278992,60
1856,544,337,52.71550273895264,60
1857,554,320,52.73695158958435,60
1858,563,283,52.76645231246948,60
1859,563,252,52.795090436935425,60
1860,559,240,52.81326651573181,60
1861,549,228,52.82970643043518,60
1862,376,225,53.0044801235199,61
1863,356,245,53.01982378959656,61
1864,354,247,53.036778688430786,61
1865,342,276,53.0663321018219,61
1866,340,294,53.082202196121216,61
1867,340,310,53.097965478897095,61
1868,342,326,53.1139771938324,61
1869,346,343,53.129976987838745,61
1870,351,356,53.14574956893921,61
1871,356,368,53.16322302818298,61
1872,367,381,53.17825651168823,61
1873,376,391,53.1936731338501,61
1874,384,394,53.21112251281738,61
1875,404,397,53.243717670440674,61
1876,441,395,53.27347731590271,61
1877,461,386,53.2891800403595,61
1878,480,374,53.30710434913635,61
1879,499,352,53.33895444869995,61
1880,517,324,53.371944427490234,61
1881,529,292,53.40059185028076,61
1882,531,278,53.41937804222107,61
1883,351,227,53.64715075492859,62
1884,342,240,53.67703056335449,62
1885,337,251,53.69305205345154,62
1886,329,269,53.708889961242676,62
1887,324,289,53.724881649017334,62
1888,322,308,53.74079942703247,62
1889,321,323,53.75738596916199,62
1890,321,335,53.77265501022339,62
1891,323,350,53.789727210998535,62
1892,336,379,53.82195472717285,62
1893,347,390,53.83794689178467,62
1894,359,395,53.8531436920166,62
1895,388,400,53.88410973548889,62
1896,405,401,53.90193748474121,62
1897,425,399,53.91811776161194,62
1898,463,386,53.949676275253296,62
1899,489,373,53.976433753967285,62
1900,523,348,53.99894666671753,62
1901,538,313,54.02692127227783,62
1902,539,297,54.04280209541321,62
1903,539,283,54.058586835861206,62
1904,539,267,54.07930564880371,62
1905,390,208,54.290210485458374,63
1906,372,226,54.3201220035553,63
1907,360,241,54.33622980117798,63
1908,354,249,54.35205268859863,63
1909,352,253,54.36885070800781,63
1910,342,275,54.39977431297302,63
1911,335,289,54.41550254821777,63
1912,332,307,54.43293619155884,63
1913,335,346,54.46494174003601,63
1914,351,371,54.496943950653076,63
1915,370,388,54.52894449234009,63
1916,387,396,54.54494285583496,63
1917,404,400,54.56009769439697,63
1918,420,400,54.57535362243652,63
1919,438,398,54.59305548667908,63
1920,469,393,54.62464952468872,63
1921,490,384,54.65794539451599,63
1922,513,358,54.68994426727295,63
1923,541,326,54.72295665740967,63
1924,555,300,54.75097918510437,63
1925,384,202,55.03020405769348,64
1926,366,218,55.045958280563354,64
1927,353,229,55.06331443786621,64
1928,342,245,55.09159207344055,64
1929,336,256,55.10749912261963,64
1930,334,269,55.123493909835815,64
1931,333,285,55.139225482940674,64
1932,335,309,55.15533089637756,64
1933,340,330,55.17169761657715,64
1934,345,350,55.187010288238525,64
1935,353,371,55.202765464782715,64
1936,361,389,55.21902942657471,64
1937,377,411,55.23455786705017,64
1938,388,427,55.252947092056274,64
1939,408,442,55.28225088119507,64
1940,419,446,55.30094647407532,64
1941,449,443,55.331172704696655,64
1942,470,434,55.346463441848755,64
1943,495,423,55.36226010322571,64
1944,523,402,55.37872362136841,64
1945,544,385,55.39582347869873,64
1946,564,348,55.4293315410614,64
1947,572,311,55.45680832862854,64
1948,575,294,55.47794508934021,64
1949,402,281,55.690224170684814,65
1950,387,307,55.71982431411743,65
1951,383,316,55.73611068725586,65
1952,382,327,55.752068281173706,65
1953,382,336,55.76820683479309,65
1954,385,347,55.78426504135132,65
1955,388,358,55.80041480064392,65
1956,392,367,55.81647205352783,65
1957,397,376,55.83233165740967,65
1958,404,383,55.84894037246704,65
1959,420,395,55.879863023757935,65
1960,430,397,55.89694166183472,65
1961,456,396,55.92894506454468,65
1962,467,392,55.944945096969604,65
1963,485,387,55.96819615364075,65
1964,505,374,55.992945194244385,65
1965,514,365,56.00811409950256,65
1966,522,339,56.041141510009766,65
1967,524,303,56.0729501247406,65
1968,421,237,56.32507109642029,66
1969,406,256,56.3472535610199,66
1970,394,274,56.362486362457275,66
1971,381,300,56.37878346443176,66
1972,370,323,56.39486217498779,66
1973,362,345,56.41094374656677,66
1974,357,363,56.42665457725525,66
1975,356,374,56.44254446029663,66
1976,358,387,56.45860528945923,66
1977,364,397,56.47441077232361,66
1978,368,406,56.49190092086792,66
1979,380,415,56.523945331573486,66
1980,406,417,56.5559184551239,66
1981,433,405,56.58794975280762,66
1982,459,385,56.61994814872742,66
1983,476,367,56.649537086486816,66
1984,482,359,56.66728377342224,66
1985,498,334,56.69977855682373,66
1986,510,299,56.73294138908386,66
1987,520,267,56.76494121551514,66
1988,384,213,57.00019121170044,67
1989,374,236,57.022266149520874,67
1990,370,248,57.03845000267029,67
1991,367,262,57.054242849349976,67
1992,367,280,57.0699987411499,67
1993,368,304,57.0859649181366,67
1994,371,329,57.1017541885376,67
1995,378,352,57.118951082229614,67
1996,385,374,57.13395357131958,67
1997,388,393,57.15093731880188,67
1998,395,412,57.182947635650635,67
1999,398,414,57.21494698524475,67
2000,399,414,57.23046517372131,67
2001,403,413,57.24551606178284,67
2002,412,409,57.262937784194946,67
2003,424,405,57.27865982055664,67
2004,432,400,57.294946908950806,67
2005,444,390,57.327943086624146,67
2006,447,382,57.34394598007202,67
2007,461,359,57.37477707862854,67
2008,482,328,57.40770077705383,67
2009,493,313,57.42427635192871,67
2010,509,278,57.4561402797699,67
2011,361,234,57.695218086242676,68
2012,340,259,57.71352458000183,68
2013,331,271,57.7294282913208,68
2014,327,287,57.745354652404785,68
2015,327,310,57.761950731277466,68
2016,334,335,57.77793478965759,68
2017,346,364,57.79299974441528,68
2018,360,383,57.80890130996704,68
2019,371,396,57.82595777511597,68
2020,397,416,57.845853328704834,68
2021,442,430,57.872729778289795,68
2022,486,432,57.89094400405884,68
2023,610,420,57.92294454574585,68
2024,670,396,57.95494246482849,68
2025,671,385,57.970937728881836,68
2026,656,343,58.00394630432129,68
2027,632,303,58.035752058029175,68
2028,410,211,58.238213300704956,69
2029,405,216,58.260108947753906,69
2030,393,225,58.27609300613403,69
2031,380,240,58.29202365875244,69
2032,369,261,58.3079719543457,69
2033,361,286,58.32421064376831,69
2034,355,314,58.34026789665222,69
2035,349,337,58.35602283477783,69
2036,347,350,58.372257471084595,69
2037,347,357,58.38921761512756,69
2038,351,375,58.41923236846924,69
2039,358,388,58.43868350982666,69
2040,395,416,58.470130920410156,69
2041,438,421,58.499836921691895,69
2042,457,417,58.515751361846924,69
2043,468,406,58.530962228775024,69
2044,471,389,58.546940088272095,69
2045,474,365,58.562968015670776,69
2046,482,342,58.578956842422485,69
2047,488,323,58.59610104560852,69
2048,375,221,58.800692319869995,70
2049,370,229,58.81643295288086,70
2050,361,243,58.84099888801575,70
2051,347,267,58.87099838256836,70
2052,340,297,58.89721488952637,70
2053,340,321,58.91315031051636,70
2054,345,345,58.92903256416321,70
2055,349,359,58.94515800476074,70
2056,354,369,58.96127009391785,70
2057,356,372,58.97706484794617,70
2058,367,380,58.99278402328491,70
2059,386,391,59.00866746902466,70
2060,426,403,59.02439475059509,70
2061,474,408,59.04020428657532,70
2062,510,409,59.05607891082764,70
2063,539,401,59.07190299034119,70
2064,550,394,59.08773899078369,70
2065,555,380,59.10435175895691,70
2066,559,336,59.136948585510254,70
2067,570,284,59.16894721984863,70
2068,578,255,59.19977331161499,70
2069,422,191,59.40420842170715,71
2070,407,199,59.419949769973755,71
2071,383,215,59.44294500350952,71
2072,352,246,59.473997592926025,71
2073,334,283,59.50693488121033,71
2074,331,303,59.52290678024292,71
2075,338,357,59.55494976043701,71
2076,345,381,59.57094430923462,71
2077,356,398,59.586942195892334,71
2078,367,412,59.60294771194458,71
2079,384,419,59.618942975997925,71
2080,449,419,59.65095567703247,71
2081,543,393,59.68275284767151,71
2082,599,349,59.71104669570923,71
2083,602,336,59.72671699523926,71
2084,604,314,59.742366552352905,71
2085,601,284,59.75921869277954,71
2086,598,259,59.77604079246521,71
2087,588,229,59.80648183822632,71
2088,578,213,59.82353472709656,71
2089,564,197,59.838627099990845,71
2090,547,183,59.85432505607605,71
2091,538,177,59.86998629570007,71
2092,515,167,59.88577461242676,71
2093,489,159,59.9016535282135,71
2094,466,155,59.91763472557068,71
2095,447,153,59.933300495147705,71
2096,424,152,59.949031829833984,71
2097,404,157,59.96491885185242,71
2098,383,163,59.98090076446533,71
2099,365,174,59.99664664268494,71
2100,329,259,60.11180877685547,72
2101,335,291,60.133997440338135,72
2102,342,323,60.15698456764221,72
2103,351,341,60.17202162742615,72
2104,365,367,60.20594024658203,72
2105,374,376,60.222941160202026,72
2106,397,393,60.2511682510376,72
2107,419,399,60.2663938999176,72
2108,454,400,60.282060384750366,72
2109,483,396,60.30295777320862,72
2110,521,375,60.33261227607727,72
2111,554,348,60.36122751235962,72
2112,567,332,60.37730097770691,72
2113,574,315,60.393280029296875,72
2114,578,292,60.41141223907471,72
2115,576,256,60.44407248497009,72
2116,571,235,60.47233819961548,72
2117,565,220,60.48842716217041,72
2118,559,210,60.5042667388916,72
2119,551,201,60.52027988433838,72
2120,540,192,60.53609251976013,72
2121,528,185,60.55219864845276,72
2122,512,181,60.56800842285156,72
2123,496,176,60.58404755592346,72
2124,477,173,60.59978771209717,72
2125,453,173,60.61575269699097,72
2126,426,176,60.631935119628906,72
2127,351,247,60.87525749206543,73
2128,355,238,60.90551948547363,73
2129,360,234,60.92072296142578,73
2130,366,227,60.937681436538696,73
2131,375,219,60.953601121902466,73
2132,387,211,60.96881985664368,73
2133,401,205,60.985950231552124,73
2134,416,199,61.0019474029541,73
2135,427,195,61.017574071884155,73
2136,446,191,61.05060076713562,73
2137,477,192,61.08276653289795,73
2138,504,203,61.11241173744202,73
2139,513,209,61.130189180374146,73
2140,522,215,61.146395444869995,73
2141,530,223,61.16249918937683,73
2142,556,247,61.19511818885803,73
2143,578,277,61.226571798324585,73
2144,585,299,61.258100748062134,73
2145,585,319,61.29143142700195,73
2146,570,349,61.32368516921997,73
2147,545,390,61.356117963790894,73
2148,517,411,61.387938022613525,73
2149,473,423,61.419949769973755,73
2150,430,431,61.44920468330383,73
2151,386,427,61.477622270584106,73
2152,341,419,61.49375033378601,73
2153,298,401,61.50943875312805,73
2154,271,383,61.52509903907776,73
2155,259,371,61.54103231430054,73
2156,255,358,61.55740165710449,73
2157,256,343,61.572728872299194,73
2158,281,299,61.589738845825195,73
2159,555,159,61.84139633178711,74
2160,555,158,61.908289194107056,74
2161,550,158,61.936163663864136,74
2162,539,155,61.95202040672302,74
2163,520,154,61.96770215034485,74
2164,490,151,61.98378014564514,74
2165,482,151,61.99977993965149,74
2166,466,151,62.015864610672,74
2167,453,152,62.03171920776367,74
2168,436,156,62.047409772872925,74
2169,422,161,62.0632381439209,74
2170,412,169,62.079936027526855,74
2171,399,182,62.1000280380249,74
2172,374,210,62.12709188461304,74
2173,360,227,62.1439425945282,74
2174,345,254,62.1768581867218,74
2175,338,285,62.208667516708374,74
2176,336,318,62.240949630737305,74
2177,341,354,62.27007865905762,74
2178,346,374,62.28593921661377,74
2179,358,394,62.305415630340576,74
2180,386,419,62.33693552017212,74
2181,415,425,62.36489748954773,74
2182,440,425,62.38516592979431,74
2183,543,421,62.41643214225769,74
2184,644,411,62.44906663894653,74
2185,660,397,62.47548007965088,74
2186,658,380,62.491498947143555,74
2187,652,345,62.507580280303955,74
2188,400,226,62.76621651649475,75
2189,389,246,62.79002809524536,75
2190,381,279,62.811984062194824,75
2191,374,302,62.827767848968506,75
2192,371,326,62.84372401237488,75
2193,369,351,62.85971117019653,75
2194,369,367,62.87549066543579,75
2195,373,380,62.89142656326294,75
2196,376,393,62.90744423866272,75
2197,383,407,62.923264026641846,75
2198,390,422,62.940948486328125,75
2199,408,441,62.972938776016235,75
2200,427,451,63.004950761795044,75
2201,453,452,63.03694725036621,75
2202,494,436,63.06931686401367,75
2203,533,393,63.099761962890625,75
2204,553,349,63.12897253036499,75
2205,555,329,63.14730191230774,75
2206,556,311,63.16540050506592,75
2207,553,280,63.19661045074463,75
2208,542,255,63.22419500350952,75
2209,536,247,63.24036908149719,75
2210,531,241,63.255510091781616,75
2211,434,204,63.38294816017151,76
2212,427,212,63.398704290390015,76
2213,414,224,63.41499614715576,76
2214,398,237,63.43071365356445,76
2215,383,253,63.44639444351196,76
2216,369,273,63.465047121047974,76
2217,354,298,63.486947774887085,76
2218,344,326,63.51094031333923,76
2219,342,342,63.52602005004883,76
2220,344,371,63.55809569358826,76
2221,354,391,63.59143090248108,76
2222,367,406,63.623944997787476,76
2223,398,430,63.65594983100891,76
2224,455,462,63.6857123374939,76
2225,510,471,63.72094440460205,76
2226,534,462,63.7451229095459,76
2227,563,424,63.76311492919922,76
2228,570,416,63.77912211418152,76
2229,589,381,63.79488396644592,76
2230,599,353,63.81085157394409,76
2231,603,330,63.83227062225342,76
2232,605,297,63.8583505153656,76
2233,604,273,63.87401509284973,76
2234,591,245,63.889728307724,76
2235,577,228,63.90558648109436,76
2236,563,213,63.92196035385132,76
2237,548,203,63.93738532066345,76
2238,369,217,64.0930061340332,77
2239,367,222,64.10885095596313,77
2240,362,241,64.13272523880005,77
2241,355,275,64.16206002235413,77
2242,354,293,64.177166223526,77
2243,355,317,64.19494581222534,77
2244,357,339,64.21072602272034,77
2245,369,385,64.24070501327515,77
2246,375,397,64.25735807418823,77
2247,384,409,64.28994512557983,77
2248,413,429,64.32395124435425,77
2249,472,445,64.35613942146301,77
2250,523,439,64.38794898986816,77
2251,562,421,64.41994619369507,77
2252,590,392,64.45294666290283,77
2253,614,355,64.48494839668274,77
2254,616,305,64.51642870903015,77
2255,598,254,64.542231798172,77
2256,591,243,64.55812883377075,77
2257,564,214,64.58093690872192,77
2258,380,241,64.73387289047241,78
2259,379,244,64.74976229667664,78
2260,373,258,64.76588249206543,78
2261,366,282,64.78194284439087,78
2262,363,293,64.79794430732727,78
2263,360,309,64.81511282920837,78
2264,362,344,64.84626793861389,78
2265,366,361,64.86197805404663,78
2266,370,373,64.87893080711365,78
2267,375,380,64.8949601650238,78
2268,394,396,64.92695045471191,78
2269,430,409,64.95808243751526,78
2270,446,412,64.97340321540833,78
2271,460,412,64.9891586303711,78
2272,474,408,65.00498700141907,78
2273,487,399,65.02107501029968,78
2274,497,387,65.0367488861084,78
2275,511,369,65.05453515052795,78
2276,524,354,65.07194828987122,78
2277,537,341,65.08695840835571,78
2278,545,327,65.10394740104675,78
2279,550,316,65.1199402809143,78
2280,553,291,65.15194821357727,78
2281,553,273,65.16789078712463,78
2282,545,233,65.19976282119751,78
2283,521,205,65.23295187950134,78
2284,493,194,65.26494884490967,78
2285,330,278,65.42045211791992,79
2286,329,302,65.45043301582336,79
2287,331,313,65.46640753746033,79
2288,335,325,65.48224353790283,79
2289,339,339,65.49848246574402,79
2290,343,357,65.51434183120728,79
2291,351,381,65.53062272071838,79
2292,361,404,65.5463342666626,79
2293,374,420,65.56176424026489,79
2294,383,429,65.5777370929718,79
2295,394,431,65.59494137763977,79
2296,406,432,65.6100664138794,79
2297,422,430,65.62694931030273,79
2298,441,423,65.64197754859924,79
2299,463,417,65.6589367389679,79
2300,486,408,65.6745593547821,79
2301,518,388,65.70693850517273,79
2302,540,356,65.73894715309143,79
2303,554,320,65.7709469795227,79
2304,558,306,65.78794813156128,79
2305,554,280,65.81823539733887,79
2306,537,251,65.8497588634491,79
2307,505,223,65.88309001922607,79
2308,471,211,65.9127254486084,79
2309,457,209,65.93292498588562,79
2310,305,293,66.1022720336914,80
2311,301,313,66.11822175979614,80
2312,296,335,66.13413739204407,80
2313,294,357,66.15016770362854,80
2314,297,378,66.16590142250061,80
2315,305,402,66.18149590492249,80
2316,312,416,66.19794392585754,80
2317,323,425,66.21327376365662,80
2318,340,436,66.2299485206604,80
2319,367,449,66.2459454536438,80
2320,436,461,66.27794909477234,80
2321,474,443,66.31093573570251,80
2322,497,422,66.34141802787781,80
2323,531,397,66.37475609779358,80
2324,551,373,66.40800976753235,80
2325,566,339,66.44127130508423,80
2326,570,315,66.46492886543274,80
2327,568,285,66.48823380470276,80
2328,561,252,66.51516127586365,80
2329,555,238,66.53120040893555,80
2330,547,226,66.54724645614624,80
2331,533,213,66.56473851203918,80
2332,514,200,66.58097124099731,80
2333,360,245,66.72319507598877,81
2334,345,268,66.74072790145874,81
2335,341,278,66.75578880310059,81
2336,341,307,66.7840678691864,81
2337,345,331,66.80094647407532,81
2338,356,360,66.81640529632568,81
2339,365,381,66.83195185661316,81
2340,376,399,66.84781098365784,81
2341,389,414,66.86445808410645,81
2342,415,434,66.89794087409973,81
2343,446,444,66.93012499809265,81
2344,477,447,66.94769167900085,81
2345,511,445,66.97651219367981,81
2346,548,415,67.00993347167969,81
2347,577,363,67.04142546653748,81
2348,586,313,67.07476902008057,81
2349,582,276,67.10148048400879,81
2350,572,257,67.12125396728516,81
2351,549,229,67.14839482307434,81
2352,526,211,67.16454863548279,81
2353,508,203,67.18693971633911,81
2354,492,199,67.20294976234436,81
2355,361,277,67.339186668396,82
2356,357,303,67.35503578186035,82
2357,355,319,67.37184000015259,82
2358,355,346,67.40394830703735,82
2359,368,381,67.43594622612,82
2360,378,400,67.45310974121094,82
2361,397,439,67.4839220046997,82
2362,407,450,67.51325798034668,82
2363,412,450,67.52909541130066,82
2364,419,451,67.54512310028076,82
2365,431,449,67.56243014335632,82
2366,473,442,67.59694147109985,82
2367,519,425,67.62475657463074,82
2368,532,412,67.63980197906494,82
2369,539,398,67.65808916091919,82
2370,557,360,67.69394755363464,82
2371,575,316,67.72535157203674,82
2372,585,282,67.75144791603088,82
2373,587,252,67.76739811897278,82
2374,587,243,67.78329420089722,82
2375,582,225,67.7992856502533,82
2376,564,192,67.81563544273376,82
2377,558,189,67.83128356933594,82
2378,539,175,67.84721374511719,82
2379,518,165,67.86314344406128,82
2380,495,162,67.87900638580322,82
2381,477,162,67.89471769332886,82
2382,464,165,67.91040229797363,82
2383,455,169,67.92605423927307,82
2384,448,177,67.94216990470886,82
2385,437,186,67.95805859565735,82
2386,424,202,67.97471904754639,82
2387,412,217,67.99035501480103,82
2388,367,340,68.11398887634277,83
2389,375,366,68.13615989685059,83
2390,381,379,68.15199661254883,83
2391,389,394,68.16799592971802,83
2392,397,408,68.18408918380737,83
2393,411,425,68.20112037658691,83
2394,442,440,68.21813178062439,83
2395,468,441,68.24895668029785,83
2396,516,430,68.28094100952148,83
2397,538,415,68.2959942817688,83
2398,554,400,68.31137418746948,83
2399,569,385,68.32895064353943,83
2400,586,359,68.36095690727234,83
2401,590,344,68.3769519329071,83
2402,590,310,68.40662026405334,83
2403,588,286,68.42470192909241,83
2404,582,267,68.44142174720764,83
2405,564,226,68.47411012649536,83
2406,529,195,68.5061354637146,83
2407,488,174,68.53794455528259,83
2408,444,166,68.56538653373718,83
2409,422,167,68.5813057422638,83
2410,403,170,68.60312676429749,83
2411,299,327,68.76521325111389,84
2412,317,357,68.78720116615295,84
2413,329,370,68.80302548408508,84
2414,344,381,68.81999897956848,84
2415,369,396,68.83635377883911,84
2416,395,405,68.8539731502533,84
2417,434,409,68.88308119773865,84
2418,461,408,68.89835858345032,84
2419,484,399,68.91567206382751,84
2420,509,380,68.94795060157776,84
2421,529,345,68.98094439506531,84
2422,548,307,69.01294732093811,84
2423,555,274,69.04205083847046,84
2424,555,257,69.06094765663147,84
2425,552,223,69.09142875671387,84
2426,537,197,69.12125158309937,84
2427,524,185,69.1396074295044,84
2428,487,165,69.17423343658447,84
2429,453,155,69.20017194747925,84
2430,418,147,69.2219443321228,84
2431,394,150,69.24922227859497,84
2432,380,158,69.26994729042053,84
2433,352,410,69.46496295928955,85
2434,365,414,69.48001861572266,85
2435,391,416,69.49939608573914,85
2436,426,419,69.52521395683289,85
2437,454,420,69.5412266254425,85
2438,475,419,69.55807614326477,85
2439,489,413,69.5733323097229,85
2440,497,405,69.58922028541565,85
2441,503,395,69.60506248474121,85
2442,509,386,69.62287998199463,85
2443,520,351,69.65595579147339,85
2444,528,323,69.67322754859924,85
2445,530,300,69.70059013366699,85
2446,530,287,69.71664786338806,85
2447,530,268,69.73310232162476,85
2448,526,253,69.75104284286499,85
2449,511,224,69.78023505210876,85
2450,504,218,69.79604077339172,85
2451,496,210,69.81227827072144,85
2452,308,282,69.9714629650116,86
2453,297,306,69.98915553092957,86
2454,292,341,70.01170611381531,86
2455,297,380,70.03512144088745,86
2456,302,402,70.0511724948883,86
2457,311,424,70.06694507598877,86
2458,320,446,70.08284401893616,86
2459,329,468,70.0985381603241,86
2460,342,484,70.11438918113708,86
2461,355,496,70.13055348396301,86
2462,370,504,70.14656257629395,86
2463,385,507,70.16250443458557,86
2464,409,507,70.1791136264801,86
2465,431,503,70.19461846351624,86
2466,457,498,70.21094059944153,86
2467,479,490,70.22647595405579,86
2468,497,477,70.242182970047,86
2469,511,463,70.25801610946655,86
2470,524,448,70.27378463745117,86
2471,534,434,70.28948497772217,86
2472,543,417,70.30519700050354,86
2473,551,395,70.32123255729675,86
2474,561,366,70.33895707130432,86
2475,568,322,70.37194871902466,86
2476,567,283,70.40042066574097,86
2477,565,263,70.41995143890381,86
2478,546,223,70.44975233078003,86
2479,519,197,70.48308181762695,86
2480,479,190,70.51594972610474,86
2481,443,193,70.54497241973877,86
2482,351,321,70.68630146980286,87
2483,358,343,70.70225882530212,87
2484,369,360,70.7179787158966,87
2485,381,377,70.73383522033691,87
2486,396,393,70.75062274932861,87
2487,409,403,70.76568460464478,87
2488,422,407,70.78146743774414,87
2489,432,409,70.79733896255493,87
2490,444,410,70.81322121620178,87
2491,455,410,70.83011174201965,87
2492,468,406,70.84514117240906,87
2493,482,397,70.86568927764893,87
2494,497,379,70.89411854743958,87
2495,502,369,70.90994381904602,87
2496,510,348,70.94141221046448,87
2497,516,330,70.95807814598083,87
2498,519,311,70.9747462272644,87
2499,522,271,71.00450015068054,87
2500,519,257,71.01986575126648,87
2501,413,222,71.18592572212219,88
2502,368,255,71.21525478363037,88
2503,348,273,71.2311441898346,88
2504,330,293,71.24658226966858,88
2505,320,316,71.26245355606079,88
2506,314,336,71.27865481376648,88
2507,311,352,71.29394578933716,88
2508,312,371,71.31193780899048,88
2509,325,418,71.34494543075562,88
2510,332,436,71.36094737052917,88
2511,354,461,71.39140939712524,88
2512,393,478,71.4240791797638,88
2513,434,475,71.45871949195862,88
2514,474,459,71.48894190788269,88
2515,503,434,71.52080035209656,88
2516,526,404,71.54851365089417,88
2517,533,389,71.56450152397156,88
2518,540,371,71.58027839660645,88
2519,545,355,71.59692740440369,88
2520,548,339,71.61193871498108,88
2521,548,323,71.62888431549072,88
2522,546,305,71.64581274986267,88
2523,544,283,71.67564296722412,88
2524,397,234,71.8849835395813,89
2525,389,244,71.90637636184692,89
2526,384,248,71.92215847969055,89
2527,378,260,71.93868732452393,89
2528,371,276,71.95562076568604,89
2529,365,297,71.9890456199646,89
2530,353,339,72.020987033844,89
2531,353,361,72.04918670654297,89
2532,353,369,72.06539750099182,89
2533,355,381,72.08125877380371,89
2534,360,400,72.09658479690552,89
2535,366,422,72.11597347259521,89
2536,375,435,72.14893984794617,89
2537,396,442,72.17620134353638,89
2538,421,444,72.19600701332092,89
2539,481,434,72.2233657836914,89
2540,503,422,72.2428526878357,89
2541,529,399,72.27464485168457,89
2542,540,378,72.30773496627808,89
2543,550,353,72.3340470790863,89
2544,553,338,72.34991645812988,89
2545,554,323,72.36590242385864,89
2546,555,299,72.38279509544373,89
2547,549,269,72.39880442619324,89
2548,542,246,72.41479992866516,89
2549,435,210,72.54294347763062,90
2550,403,227,72.57473373413086,90
2551,390,238,72.5898609161377,90
2552,379,253,72.60575199127197,90
2553,372,265,72.62294816970825,90
2554,370,284,72.65494418144226,90
2555,372,315,72.68695044517517,90
2556,376,338,72.70295000076294,90
2557,391,389,72.73308897018433,90
2558,398,409,72.75163054466248,90
2559,414,433,72.78258013725281,90
2560,426,444,72.81594705581665,90
2561,443,438,72.84513974189758,90
2562,467,423,72.86183524131775,90
2563,493,402,72.87722849845886,90
2564,521,372,72.89479637145996,90
2565,536,353,72.91294121742249,90
2566,548,318,72.94351243972778,90
2567,549,304,72.96095156669617,90
2568,550,289,72.9762110710144,90
2569,546,260,73.00456714630127,90
2570,356,198,73.21218514442444,91
2571,335,224,73.23451685905457,91
2572,328,237,73.25021982192993,91
2573,325,255,73.26660585403442,91
2574,327,279,73.2837302684784,91
2575,329,302,73.29900479316711,91
2576,335,321,73.314945936203,91
2577,350,365,73.34694504737854,91
2578,365,393,73.37791633605957,91
2579,372,399,73.39484596252441,91
2580,379,405,73.41084551811218,91
2581,415,415,73.44293808937073,91
2582,449,412,73.47473764419556,91
2583,469,400,73.49937582015991,91
2584,481,389,73.51648426055908,91
2585,492,365,73.54177618026733,91
2586,499,344,73.55789303779602,91
2587,509,314,73.58176684379578,91
2588,521,292,73.60143733024597,91
2589,526,279,73.61999320983887,91
2590,528,268,73.63678789138794,91
2591,528,259,73.65200567245483,91
2592,528,248,73.66801357269287,91
2593,518,230,73.70157861709595,91
2594,502,218,73.7259132862091,91
2595,474,205,73.74877882003784,91
2596,455,200,73.76494812965393,91
2597,324,299,73.91978883743286,92
2598,335,336,73.94199800491333,92
2599,345,358,73.95788717269897,92
2600,356,378,73.9739146232605,92
2601,366,395,73.98994660377502,92
2602,375,416,74.00603795051575,92
2603,393,435,74.02177143096924,92
2604,410,451,74.03789949417114,92
2605,426,463,74.05394196510315,92
2606,436,467,74.07101035118103,92
2607,444,466,74.08626627922058,92
2608,461,457,74.10233879089355,92
2609,485,441,74.11900162696838,92
2610,505,423,74.13450264930725,92
2611,522,404,74.15096378326416,92
2612,531,392,74.1664252281189,92
2613,539,378,74.18239903450012,92
2614,546,359,74.19829154014587,92
2615,552,340,74.21458292007446,92
2616,557,321,74.23083162307739,92
2617,559,299,74.24797582626343,92
2618,557,258,74.28001618385315,92
2619,550,236,74.29749703407288,92
2620,535,208,74.31999969482422,92
2621,516,186,74.34224939346313,92
2622,361,282,74.49887466430664,93
2623,358,331,74.52304649353027,93
2624,358,362,74.55298328399658,93
2625,359,373,74.56881332397461,93
2626,364,388,74.5847418308258,93
2627,368,402,74.60090231895447,93
2628,374,414,74.61711406707764,93
2629,380,420,74.63299250602722,93
2630,383,423,74.64915132522583,93
2631,389,428,74.6650059223175,93
2632,403,432,74.6820228099823,93
2633,423,434,74.69931054115295,93
2634,444,433,74.71574974060059,93
2635,478,420,74.74613857269287,93
2636,490,413,74.76196384429932,93
2637,506,399,74.78610801696777,93
2638,527,376,74.81197595596313,93
2639,542,349,74.83315348625183,93
2640,549,322,74.85800838470459,93
2641,550,298,74.88445377349854,93
2642,542,266,74.90760779380798,93
2643,529,242,74.92438650131226,93
2644,507,219,74.94817614555359,93
2645,479,207,74.97101163864136,93
2646,356,235,75.10219764709473,94
2647,349,281,75.1316967010498,94
2648,347,302,75.15011954307556,94
2649,342,344,75.17995238304138,94
2650,343,364,75.1974093914032,94
2651,358,402,75.23079419136047,94
2652,368,412,75.24604773521423,94
2653,371,414,75.2624306678772,94
2654,385,418,75.29324793815613,94
2655,397,418,75.30899953842163,94
2656,435,410,75.34409189224243,94
2657,484,388,75.37529611587524,94
2658,513,373,75.40499305725098,94
2659,516,366,75.42169332504272,94
2660,516,342,75.45423603057861,94
2661,515,326,75.47000455856323,94
2662,514,310,75.48600769042969,94
2663,513,297,75.50212049484253,94
2664,511,286,75.5179979801178,94
2665,506,266,75.55159401893616,94
2666,500,249,75.57577300071716,94
2667,489,236,75.59092688560486,94
2668,471,224,75.60737586021423,94
2669,416,200,75.63366723060608,94
2670,314,211,75.69680118560791,95
2671,283,242,75.72322201728821,95
2672,272,254,75.73959422111511,95
2673,267,263,75.7556984424591,95
2674,266,265,75.77094864845276,95
2675,266,268,75.8007698059082,95
2676,266,272,75.81747627258301,95
2677,266,281,75.83279347419739,95
2678,381,433,76.19632840156555,96
2679,392,433,76.21995878219604,96
2680,415,433,76.24213743209839,96
2681,439,433,76.25785303115845,96
2682,467,428,76.27359366416931,96
2683,492,423,76.28931260108948,96
2684,511,415,76.30718922615051,96
2685,526,399,76.3378427028656,96
2686,529,385,76.35378456115723,96
2687,531,369,76.3711564540863,96
2688,534,350,76.38697719573975,96
2689,540,311,76.4190046787262,96
2690,540,295,76.4349730014801,96
2691,535,261,76.46658182144165,96
2692,523,242,76.49277091026306,96
2693,513,230,76.50781226158142,96
2694,492,212,76.53099775314331,96
2695,444,200,76.57504057884216,97
2696,433,202,76.5977623462677,97
2697,419,210,76.6203396320343,97
2698,404,218,76.64401698112488,97
2699,392,226,76.6602258682251,97
2700,360,247,76.68433237075806,97
2701,312,284,76.7094075679779,97
2702,292,360,76.78607678413391,98
2703,307,379,76.81959080696106,98
2704,338,407,76.8529486656189,98
2705,359,425,76.88604497909546,98
2706,492,429,77.16918110847473,99
2707,503,426,77.18654370307922,99
2708,509,419,77.2184705734253,99
2709,519,399,77.24649286270142,99
2710,525,387,77.26247334480286,99
2711,535,375,77.27900910377502,99
2712,542,362,77.29454779624939,99
2713,547,347,77.31048321723938,99
2714,550,330,77.3281683921814,99
2715,550,298,77.35999870300293,99
2716,547,280,77.37584352493286,99
2717,543,265,77.3921148777008,99
2718,532,238,77.42577195167542,99
2719,512,219,77.45536971092224,99
2720,496,214,77.47148108482361,99
2721,473,208,77.48737812042236,99
2722,446,205,77.50500059127808,99
2723,414,201,77.52100443840027,99
2724,341,210,77.57878971099854,100
2725,332,229,77.60181665420532,100
2726,324,258,77.63479495048523,100
2727,327,288,77.65822219848633,100
2728,545,407,77.893221616745,101
2729,548,406,77.93900513648987,101
2730,551,399,77.95479559898376,101
2731,553,394,77.97084903717041,101
2732,556,381,77.98680663108826,101
2733,558,370,78.00258350372314,101
2734,558,357,78.01894354820251,101
2735,558,348,78.03414130210876,101
2736,556,337,78.0508975982666,101
2737,554,324,78.06601309776306,101
2738,546,305,78.08389711380005,101
2739,526,270,78.11793065071106,101
2740,522,259,78.14178776741028,101
2741,514,247,78.16353392601013,101
2742,505,240,78.17871475219727,101
2743,496,231,78.19454550743103,101
2744,488,222,78.20957326889038,101
2745,477,212,78.22800183296204,101
2746,458,201,78.26015782356262,101
2747,454,200,78.27602100372314,101
2748,451,198,78.30162334442139,101
2749,447,198,78.32574510574341,101
2750,443,200,78.34102749824524,101
2751,436,203,78.3587875366211,101
2752,420,211,78.38444352149963,101
2753,405,222,78.40381813049316,101
2754,385,237,78.43878388404846,101
2755,370,249,78.46658754348755,101
2756,366,257,78.48328733444214,101
2757,358,281,78.5164794921875,101
2758,356,313,78.54979515075684,101
2759,360,337,78.5775203704834,101
2760,373,365,78.60003447532654,101
2761,398,396,78.62273740768433,101
2762,424,414,78.64790511131287,101
2763,442,425,78.67147707939148,101
2764,462,432,78.6907467842102,101
2765,482,434,78.7191002368927,101
2766,493,434,78.73500990867615,101
2767,503,427,78.75110650062561,101
2768,513,417,78.76695585250854,101
2769,522,403,78.7827205657959,101
2770,527,384,78.8000054359436,101
2771,529,360,78.81501317024231,101
2772,530,333,78.83104729652405,101
2773,529,311,78.84692478179932,101
2774,527,292,78.86300110816956,101
2775,522,273,78.87890219688416,101
2776,514,255,78.89512062072754,101
2777,505,239,78.91105246543884,101
2778,499,231,78.92732810974121,101
2779,393,230,79.1792151927948,102
2780,380,239,79.20096158981323,102
2781,370,249,79.21799302101135,102
2782,363,256,79.23400831222534,102
2783,357,264,79.25134205818176,102
2784,353,277,79.28545999526978,102
2785,349,303,79.3139979839325,102
2786,349,320,79.33067011833191,102
2787,352,336,79.34601211547852,102
2788,355,352,79.3619933128357,102
2789,359,362,79.37724113464355,102
2790,366,372,79.3950924873352,102
2791,378,386,79.41838788986206,102
2792,398,406,79.44312858581543,102
2793,418,418,79.45824337005615,102
2794,433,424,79.47479724884033,102
2795,445,427,79.49099111557007,102
2796,456,428,79.50826239585876,102
2797,481,419,79.5389986038208,102
2798,517,391,79.57113003730774,102
2799,535,372,79.58700799942017,102
2800,548,358,79.60301041603088,102
2801,556,344,79.61912727355957,102
2802,563,322,79.64170289039612,102
2803,567,291,79.66800117492676,102
2804,567,272,79.68321061134338,102
2805,563,238,79.71796250343323,102
2806,551,221,79.74409079551697,102
2807,403,213,79.95121669769287,103
2808,391,232,79.9750018119812,103
2809,385,252,80.00935888290405,103
2810,382,281,80.03794980049133,103
2811,376,321,80.06782984733582,103
2812,375,335,80.08349132537842,103
2813,374,346,80.10041308403015,103
2814,375,365,80.1339521408081,103
2815,380,378,80.15771627426147,103
2816,384,387,80.17540192604065,103
2817,393,399,80.20090818405151,103
2818,411,412,80.23276901245117,103
2819,449,430,80.26301145553589,103
2820,485,433,80.29501080513,103
2821,506,411,80.3226683139801,103
2822,514,393,80.344975233078,103
2823,524,358,80.3683557510376,103
2824,532,330,80.38697075843811,103
2825,538,311,80.40606260299683,103
2826,539,285,80.43407416343689,103
2827,538,259,80.45484185218811,103
2828,370,177,80.65783786773682,104
2829,360,181,80.67378187179565,104
2830,336,193,80.68982172012329,104
2831,324,203,80.70604538917542,104
2832,311,218,80.72175335884094,104
2833,302,234,80.73743319511414,104
2834,298,244,80.75500869750977,104
2835,295,259,80.77002048492432,104
2836,293,281,80.78885078430176,104
2837,294,324,80.81011295318604,104
2838,304,363,80.83377933502197,104
2839,313,381,80.84989595413208,104
2840,322,397,80.86586332321167,104
2841,335,410,80.88203287124634,104
2842,350,420,80.8980028629303,104
2843,365,430,80.91607642173767,104
2844,405,438,80.94584679603577,104
2845,422,438,80.9619357585907,104
2846,441,436,80.97931003570557,104
2847,465,429,80.99466300010681,104
2848,478,423,81.01024031639099,104
2849,497,413,81.02695751190186,104
2850,513,406,81.049884557724,104
2851,544,391,81.07657408714294,104
2852,561,375,81.10084390640259,104
2853,568,366,81.11656284332275,104
2854,578,352,81.13376212120056,104
2855,582,337,81.15797591209412,104
2856,577,303,81.1880145072937,104
2857,574,290,81.20578098297119,104
2858,398,205,81.4152147769928,105
2859,392,211,81.43126702308655,105
2860,381,223,81.45272922515869,105
2861,369,239,81.47676587104797,105
2862,362,253,81.49288129806519,105
2863,355,278,81.50833868980408,105
2864,353,301,81.52473855018616,105
2865,352,321,81.53983235359192,105
2866,351,337,81.55831336975098,105
2867,351,363,81.5917899608612,105
2868,358,386,81.62330627441406,105
2869,369,401,81.65394139289856,105
2870,386,408,81.6829297542572,105
2871,404,409,81.70193815231323,105
2872,447,408,81.73495054244995,105
2873,482,402,81.7663938999176,105
2874,489,401,81.78182411193848,105
2875,510,388,81.81720972061157,105
2876,530,363,81.85052299499512,105
2877,544,341,81.8736846446991,105
2878,563,316,81.89518904685974,105
2879,573,293,81.92123317718506,105
2880,575,277,81.93702840805054,105
2881,576,259,81.95289611816406,105
2882,569,233,81.9691321849823,105
2883,564,223,81.9848849773407,105
2884,553,207,82.00088167190552,105
2885,540,195,82.01598930358887,105
2886,524,187,82.03288578987122,105
2887,390,258,82.17888259887695,106
2888,389,273,82.20047545433044,106
2889,387,287,82.22683095932007,106
2890,384,303,82.25087428092957,106
2891,384,324,82.27584552764893,106
2892,387,350,82.29991245269775,106
2893,392,369,82.32177901268005,106
2894,395,378,82.3374354839325,106
2895,399,387,82.35442805290222,106
2896,409,400,82.37001276016235,106
2897,417,411,82.38601016998291,106
2898,437,430,82.41803550720215,106
2899,457,440,82.44206070899963,106
2900,489,445,82.46588134765625,106
2901,503,445,82.48194766044617,106
2902,522,437,82.49986219406128,106
2903,559,403,82.53014349937439,106
2904,572,381,82.54622602462769,106
2905,581,361,82.56225800514221,106
2906,585,343,82.58101344108582,106
2907,585,307,82.61100959777832,106
2908,581,286,82.62814140319824,106
2909,405,239,82.8038580417633,107
2910,392,246,82.82158374786377,107
2911,375,256,82.83765816688538,107
2912,350,280,82.85812950134277,107
2913,335,308,82.88511776924133,107
2914,330,324,82.90101170539856,107
2915,330,341,82.92478513717651,107
2916,332,355,82.94201683998108,107
2917,338,380,82.96493124961853,107
2918,344,395,82.98079824447632,107
2919,349,406,82.99650883674622,107
2920,356,414,83.01302361488342,107
2921,363,420,83.02888321876526,107
2922,374,423,83.04613709449768,107
2923,389,423,83.06197452545166,107
2924,411,414,83.07796025276184,107
2925,437,399,83.09328389167786,107
2926,466,381,83.10997009277344,107
2927,495,350,83.12595272064209,107
2928,522,323,83.14193987846375,107
2929,542,299,83.15758395195007,107
2930,554,277,83.17397618293762,107
2931,561,259,83.19097447395325,107
2932,431,216,83.47389268875122,108
2933,422,231,83.49602317810059,108
2934,420,237,83.51210379600525,108
2935,416,246,83.52823328971863,108
2936,407,273,83.54505014419556,108
2937,396,298,83.56100273132324,108
2938,391,318,83.57664608955383,108
2939,390,332,83.59249472618103,108
2940,390,341,83.60867023468018,108
2941,391,347,83.6243896484375,108
2942,392,351,83.6407618522644,108
2943,396,360,83.65712356567383,108
2944,404,371,83.67249202728271,108
2945,413,383,83.68839931488037,108
2946,423,394,83.70514798164368,108
2947,437,402,83.72027587890625,108
2948,452,405,83.73629474639893,108
2949,472,403,83.75257444381714,108
2950,494,401,83.7693178653717,108
2951,512,398,83.78457355499268,108
2952,527,393,83.80031442642212,108
2953,545,384,83.81801390647888,108
2954,561,375,83.8331925868988,108
2955,576,363,83.84829449653625,108
2956,585,350,83.86406087875366,108
2957,591,336,83.87968015670776,108
2958,594,322,83.89728879928589,108
2959,596,300,83.92318725585938,108
2960,595,289,83.93977403640747,108
2961,351,219,84.16521525382996,109
2962,345,232,84.1813154220581,109
2963,336,247,84.19848847389221,109
2964,327,272,84.22208595275879,109
2965,326,310,84.25200462341309,109
2966,325,328,84.26801180839539,109
2967,326,353,84.28599834442139,109
2968,330,368,84.31555461883545,109
2969,334,377,84.3327260017395,109
2970,342,388,84.35786437988281,109
2971,357,396,84.38001132011414,109
2972,389,396,84.41301846504211,109
2973,407,389,84.43094325065613,109
2974,437,368,84.45302700996399,109
2975,466,334,84.47406268119812,109
2976,482,318,84.49296426773071,109
2977,493,302,84.51000761985779,109
2978,503,286,84.52787685394287,109
2979,516,263,84.55077767372131,109
2980,422,233,84.76921963691711,110
2981,409,262,84.79901576042175,110
2982,400,287,84.81489062309265,110
2983,391,308,84.83093452453613,110
2984,388,318,84.84691286087036,110
2985,383,338,84.86297726631165,110
2986,379,366,84.87919163703918,110
2987,379,373,84.89505958557129,110
2988,379,376,84.91095018386841,110
2989,380,378,84.97473907470703,110
2990,382,379,84.99076771736145,110
2991,384,379,85.00673222541809,110
2992,391,188,90.42661237716675,111
2993,391,200,90.44797492027283,111
2994,387,216,90.47216773033142,111
2995,385,224,90.48807740211487,111
2996,384,235,90.50417137145996,111
2997,383,257,90.520268201828,111
2998,383,271,90.53818488121033,111
2999,386,298,90.57218170166016,111
3000,387,309,90.59126687049866,111
3001,394,328,90.61607003211975,111
3002,399,338,90.63182163238525,111
3003,405,349,90.64766359329224,111
3004,411,357,90.66560935974121,111
3005,434,374,90.69525218009949,111
3006,451,382,90.71185803413391,111
3007,467,386,90.72773814201355,111
3008,483,389,90.74385142326355,111
3009,503,391,90.75961899757385,111
3010,528,391,90.77586698532104,111
3011,544,387,90.791588306427,111
3012,553,381,90.80785393714905,111
3013,562,370,90.82355952262878,111
3014,567,358,90.8409526348114,111
3015,579,320,90.87295508384705,111
3016,584,279,90.90494418144226,111
3017,584,255,90.92017364501953,111
3018,580,232,90.93520951271057,111
3019,574,214,90.95296168327332,111
3020,566,203,90.96894860267639,111
3021,554,196,91.00095248222351,111
3022,544,194,91.01795244216919,111
3023,526,194,91.03295660018921,111
3024,479,194,91.06595039367676,111
3025,430,213,91.17337703704834,112
3026,422,228,91.18862581253052,112
3027,416,245,91.2091658115387,112
3028,415,299,91.24126672744751,112
3029,431,356,91.27460837364197,112
3030,440,380,91.29964280128479,112
3031,444,394,91.31565546989441,112
3032,449,405,91.33150863647461,112
3033,458,420,91.34716558456421,112
3034,468,432,91.36312437057495,112
3035,477,441,91.37879586219788,112
3036,482,445,91.39455962181091,112
3037,486,446,91.41064715385437,112
3038,490,446,91.42648506164551,112
3039,503,437,91.44284200668335,112
3040,524,425,91.45943784713745,112
3041,571,386,91.49126768112183,112
3042,584,366,91.50655269622803,112
3043,589,349,91.52163577079773,112
3044,592,330,91.540691614151,112
3045,592,321,91.5562973022461,112
3046,582,289,91.58795499801636,112
3047,576,275,91.60320448875427,112
3048,566,260,91.62094187736511,112
3049,544,239,91.65153169631958,112
3050,515,223,91.68344712257385,112
3051,498,217,91.7009506225586,112
3052,478,212,91.71636629104614,112
3053,347,253,91.83178567886353,113
3054,334,274,91.85598087310791,113
3055,331,289,91.87795996665955,113
3056,334,309,91.89390420913696,113
3057,337,331,91.91001653671265,113
3058,343,350,91.9260184764862,113
3059,349,369,91.94269728660583,113
3060,359,386,91.95779275894165,113
3061,369,397,91.97363185882568,113
3062,380,407,91.99095058441162,113
3063,404,420,92.00789666175842,113
3064,426,424,92.03894877433777,113
3065,462,421,92.07020854949951,113
3066,487,412,92.0893349647522,113
3067,523,399,92.11895966529846,113
3068,535,391,92.13495206832886,113
3069,551,367,92.16439127922058,113
3070,561,351,92.18227624893188,113
3071,580,318,92.21497082710266,113
3072,587,296,92.24344325065613,113
3073,586,272,92.263179063797,113
3074,578,250,92.29601001739502,113
3075,569,240,92.31209993362427,113
3076,543,227,92.33932113647461,113
3077,387,234,95.92022585868835,114
3078,383,239,95.93580722808838,114
3079,374,255,95.9535961151123,114
3080,361,280,95.97445464134216,114
3081,353,303,95.9978380203247,114
3082,350,314,96.01383948326111,114
3083,347,327,96.031014919281,114
3084,348,357,96.06301975250244,114
3085,355,378,96.08037114143372,114
3086,368,398,96.0968930721283,114
3087,382,413,96.12795448303223,114
3088,392,421,96.14394950866699,114
3089,429,431,96.17717456817627,114
3090,468,429,96.19813919067383,114
3091,503,414,96.22524929046631,114
3092,525,402,96.24971532821655,114
3093,539,393,96.26815724372864,114
3094,548,383,96.28549122810364,114
3095,555,370,96.30404949188232,114
3096,560,337,96.3320837020874,114
3097,560,318,96.34824872016907,114
3098,559,294,96.3709774017334,114
3099,545,251,96.39618372917175,114
3100,532,228,96.41458487510681,114
3101,502,197,96.5322253704071,115
3102,488,207,96.56207704544067,115
3103,483,210,96.57813453674316,115
3104,482,211,96.59404516220093,115
3105,482,212,96.60997128486633,115
3106,481,213,96.6415467262268,115
3107,479,214,97.53471541404724,116
3108,464,220,97.55136060714722,116
3109,453,225,97.56655859947205,116
3110,434,234,97.59713912010193,116
3111,431,237,97.63198804855347,116
3112,429,253,97.64801025390625,116
3113,429,275,97.67130994796753,116
3114,430,299,97.68701720237732,116
3115,433,318,97.70303893089294,116
3116,436,331,97.7188458442688,116
3117,441,345,97.7344868183136,116
3118,449,361,97.75030755996704,116
3119,457,375,97.76643443107605,116
3120,466,386,97.78283309936523,116
3121,470,393,97.79880285263062,116
3122,472,395,97.81481194496155,116
3123,474,395,97.89721536636353,116
3124,478,395,97.9210216999054,116
3125,490,391,97.94295382499695,116
3126,499,386,97.95890974998474,116
3127,510,377,97.97453355789185,116
3128,524,362,97.99059557914734,116
3129,533,350,98.00694584846497,116
3130,539,340,98.0221619606018,116
3131,543,332,98.03841400146484,116
3132,548,316,98.05433201789856,116
3133,549,303,98.07194519042969,116
3134,546,276,98.10384964942932,116
3135,537,253,98.13374376296997,116
3136,530,241,98.15184330940247,116
3137,521,227,98.16972255706787,116
3138,511,219,98.18655276298523,116
3139,500,209,98.20364594459534,116
3140,482,203,98.23285102844238,116
3141,464,202,98.26484942436218,116
3142,381,275,98.35475897789001,117
3143,377,282,98.37117314338684,117
3144,366,298,98.38633036613464,117
3145,362,308,98.4020369052887,117
3146,356,324,98.41791319847107,117
3147,352,340,98.43374419212341,117
3148,347,355,98.44945859909058,117
3149,346,366,98.46585130691528,117
3150,346,374,98.48089933395386,117
3151,347,384,98.49785208702087,117
3152,350,390,98.51329112052917,117
3153,354,398,98.52829456329346,117
3154,361,407,98.5468533039093,117
3155,368,414,98.56458306312561,117
3156,374,416,98.58360576629639,117
3157,398,417,98.61084246635437,117
3158,455,409,98.64014863967896,117
3159,475,403,98.65791964530945,117
3160,492,397,98.67382717132568,117
3161,512,379,98.70872783660889,117
3162,523,367,98.72459864616394,117
3163,550,323,98.7548508644104,117
3164,572,275,98.78784370422363,117
3165,574,244,98.81501054763794,117
3166,572,233,98.8308334350586,117
3167,569,225,98.85185217857361,117
3168,558,211,98.88468217849731,117
3169,547,205,98.90975761413574,117
3170,541,203,98.92578601837158,117
3171,529,200,98.95010566711426,117
3172,514,195,98.97420072555542,117
3173,501,196,98.99009776115417,117
3174,485,199,99.00579333305359,117
3175,472,203,99.02147102355957,117
3176,461,207,99.0380847454071,117
3177,444,211,99.05334091186523,117
3178,429,215,99.06902980804443,117
3179,412,221,99.08505368232727,117
3180,401,226,99.10075187683105,117
3181,395,230,99.1189513206482,117
3182,389,235,99.13413882255554,117
3183,381,245,99.16494822502136,117
3184,376,253,99.18030643463135,117
3185,372,261,99.19786763191223,117
3186,369,270,99.23800301551819,117
3187,368,319,99.33394861221313,118
3188,368,329,99.35188388824463,118
3189,368,347,99.37673830986023,118
3190,372,364,99.40025973320007,118
3191,374,371,99.42483568191528,118
3192,380,380,99.45500302314758,118
3193,387,384,99.4728832244873,118
3194,400,391,99.48790955543518,118
3195,404,393,99.50307989120483,118
3196,415,394,99.51915431022644,118
3197,439,396,99.54153561592102,118
3198,461,395,99.5680091381073,118
3199,476,389,99.59729933738708,118
3200,482,383,99.61531805992126,118
3201,491,371,99.64977025985718,118
3202,499,357,99.680006980896,118
3203,509,329,99.70758581161499,118
3204,511,313,99.72997283935547,118
3205,513,299,99.74502325057983,118
3206,513,280,99.76199460029602,118
3207,512,274,99.77711033821106,118
3208,506,256,99.80229902267456,118
3209,502,246,99.82475066184998,118
3210,498,242,99.84995722770691,118
3211,495,240,99.86616325378418,118
3212,492,239,99.88183736801147,118
3213,485,237,99.89801907539368,118
3214,475,236,99.91372776031494,118
3215,462,235,99.92989230155945,118
3216,449,235,99.9460518360138,118
3217,434,236,99.96189880371094,118
3218,418,238,99.97774386405945,118
3219,405,241,99.99392414093018,118
3220,397,245,100.00991153717041,118
3221,391,247,100.02579259872437,118
3222,379,255,100.04184246063232,118
3223,365,267,100.05781698226929,118
3224,351,284,100.07389998435974,118
3225,339,298,100.08967685699463,118
3226,332,306,100.10584449768066,118
3227,322,318,100.12177443504333,118
3228,315,329,100.13815116882324,118
3229,311,335,100.15403175354004,118
3230,309,341,100.1709508895874,118
3231,307,345,100.18695044517517,118
3232,353,408,100.3337914943695,119
3233,361,415,100.36355113983154,119
3234,375,423,100.37982320785522,119
3235,397,432,100.39508700370789,119
3236,416,436,100.41184377670288,119
3237,431,438,100.42698836326599,119
3238,441,438,100.44385051727295,119
3239,449,434,100.46164584159851,119
3240,461,427,100.49069166183472,119
3241,466,426,100.50581049919128,119
3242,477,418,100.52458024024963,119
3243,509,392,100.5587146282196,119
3244,526,371,100.59069037437439,119
3245,536,340,100.62085199356079,119
3246,538,304,100.64857935905457,119
3247,536,287,100.66884398460388,119
3248,536,269,100.68585157394409,119
3249,531,236,100.71550846099854,119
3250,521,215,100.74958109855652,119
3251,517,209,100.77514791488647,119
3252,515,208,100.7935049533844,119
3253,512,206,100.81583595275879,119
3254,495,204,100.83884239196777,119
3255,480,201,100.85502529144287,119
3256,456,202,100.87103915214539,119
3257,439,203,100.88716769218445,119
3258,425,206,100.90314984321594,119
3259,412,211,100.91900944709778,119
3260,400,217,100.93494009971619,119
3261,389,224,100.95098662376404,119
3262,381,230,100.96710515022278,119
3263,376,235,100.98323678970337,119
3264,364,249,100.99906492233276,119
3265,355,264,101.01476645469666,119
3266,351,281,101.03265738487244,119
3267,346,295,101.04975771903992,119
3268,343,302,101.0687108039856,119
3269,339,312,101.09784269332886,119
3270,338,321,101.11338424682617,119
3271,338,323,101.128582239151,119
3272,337,333,101.1440258026123,119
3273,337,340,101.16001415252686,119
3274,337,346,101.17598676681519,119
3275,378,379,101.31531620025635,120
3276,396,393,101.33514833450317,120
3277,406,402,101.3530158996582,120
3278,417,409,101.37651872634888,120
3279,424,413,101.40100884437561,120
3280,433,416,101.42691969871521,120
3281,446,416,101.44201397895813,120
3282,455,415,101.45775961875916,120
3283,467,409,101.47854208946228,120
3284,481,396,101.49446177482605,120
3285,490,382,101.51263165473938,120
3286,501,367,101.53015184402466,120
3287,513,341,101.56201982498169,120
3288,518,326,101.57798624038696,120
3289,521,311,101.5941994190216,120
3290,522,281,101.623854637146,120
3291,522,261,101.6411702632904,120
3292,520,238,101.66772389411926,120
3293,516,217,101.68663883209229,120
3294,511,205,101.70455956459045,120
3295,507,198,101.72479009628296,120
3296,501,192,101.74764013290405,120
3297,494,188,101.76603865623474,120
3298,484,186,101.78814220428467,120
3299,451,187,101.81960916519165,120
3300,409,198,101.85144591331482,120
3301,391,203,101.86707615852356,120
3302,373,209,101.88347125053406,120
3303,360,217,101.90056014060974,120
3304,335,248,101.93398785591125,120
3305,328,264,101.96177935600281,120
3306,326,271,101.97750663757324,120
3307,326,288,102.01219511032104,120
3308,375,377,102.15079808235168,121
3309,379,380,102.17502212524414,121
3310,388,388,102.19719743728638,121
3311,396,392,102.21402144432068,121
3312,401,394,102.22904992103577,121
3313,407,395,102.24476528167725,121
3314,416,400,102.26052021980286,121
3315,428,404,102.27620315551758,121
3316,442,406,102.29388236999512,121
3317,454,406,102.30995416641235,121
3318,467,407,102.34174370765686,121
3319,473,404,102.36873054504395,121
3320,486,397,102.39020943641663,121
3321,505,385,102.41589760780334,121
3322,520,367,102.43716382980347,121
3323,534,341,102.46764993667603,121
3324,540,328,102.48701047897339,121
3325,546,310,102.50322246551514,121
3326,551,296,102.51920318603516,121
3327,555,278,102.54505252838135,121
3328,555,263,102.56652545928955,121
3329,551,250,102.59914350509644,121
3330,546,243,102.61695909500122,121
3331,538,236,102.63509345054626,121
3332,528,230,102.65710878372192,121
3333,511,225,102.68021392822266,121
3334,477,222,102.71199989318848,121
3335,444,224,102.73916983604431,121
3336,419,229,102.76019859313965,121
3337,385,248,102.79365968704224,121
3338,363,265,102.81779742240906,121
3339,342,283,102.8425669670105,121
3340,332,300,102.87545657157898,121
3341,343,366,102.97188830375671,122
3342,353,382,102.99090242385864,122
3343,365,398,103.0181782245636,122
3344,380,417,103.04273319244385,122
3345,388,430,103.0586097240448,122
3346,401,442,103.07464981079102,122
3347,413,455,103.0910382270813,122
3348,420,459,103.10709619522095,122
3349,424,461,103.13030862808228,122
3350,433,460,103.16195392608643,122
3351,445,454,103.18708610534668,122
3352,457,447,103.20317912101746,122
3353,469,437,103.21894788742065,122
3354,476,430,103.23513317108154,122
3355,481,423,103.25116729736328,122
3356,484,417,103.26697397232056,122
3357,487,410,103.2830080986023,122
3358,493,399,103.29905724525452,122
3359,497,385,103.31589031219482,122
3360,500,369,103.33100605010986,122
3361,502,349,103.34705877304077,122
3362,504,330,103.36317467689514,122
3363,507,309,103.37913012504578,122
3364,510,293,103.3950183391571,122
3365,512,275,103.41123104095459,122
3366,514,259,103.42704463005066,122
3367,513,243,103.44316625595093,122
3368,511,224,103.45909023284912,122
3369,510,208,103.47517108917236,122
3370,508,202,103.49109649658203,122
3371,506,196,103.50703501701355,122
3372,503,191,103.52290296554565,122
3373,500,189,103.53911256790161,122
3374,497,186,103.55504965782166,122
3375,493,184,103.57098579406738,122
3376,487,184,103.58689141273499,122
3377,478,190,103.60482430458069,122
3378,448,210,103.63463377952576,122
3379,431,222,103.65255928039551,122
3380,408,235,103.68256497383118,122
3381,393,248,103.69835162162781,122
3382,382,257,103.71448993682861,122
3383,375,264,103.73048377037048,122
3384,373,268,103.74647402763367,122
3385,369,272,103.76212072372437,122
3386,411,381,103.87978911399841,123
3387,436,409,103.90589189529419,123
3388,446,418,103.9215259552002,123
3389,461,423,103.94016480445862,123
3390,478,427,103.9740092754364,123
3391,490,427,103.99074935913086,123
3392,510,420,104.01631903648376,123
3393,519,413,104.03198289871216,123
3394,528,405,104.04793524742126,123
3395,533,403,104.06398797035217,123
3396,544,395,104.08000683784485,123
3397,556,387,104.09571623802185,123
3398,569,371,104.11233806610107,123
3399,572,367,104.12743878364563,123
3400,579,351,104.14347672462463,123
3401,581,337,104.15935754776001,123
3402,580,324,104.1755051612854,123
3403,578,304,104.19332647323608,123
3404,568,269,104.22392868995667,123
3405,559,256,104.2414653301239,123
3406,540,231,104.2720365524292,123
3407,523,215,104.30577421188354,123
3408,512,208,104.32103204727173,123
3409,498,202,104.33620738983154,123
3410,482,198,104.36680698394775,123
3411,475,196,104.38252711296082,123
3412,470,196,104.40014028549194,123
3413,460,196,104.4338858127594,123
3414,386,225,104.5627133846283,124
3415,376,234,104.57828521728516,124
3416,363,242,104.60153889656067,124
3417,357,250,104.62420606613159,124
3418,354,259,104.64322805404663,124
3419,351,276,104.6743278503418,124
3420,351,292,104.70798850059509,124
3421,356,336,104.73911333084106,124
3422,369,382,104.77018332481384,124
3423,376,405,104.79330706596375,124
3424,384,419,104.81912422180176,124
3425,401,437,104.85145831108093,124
3426,412,443,104.86680388450623,124
3427,421,446,104.88247346878052,124
3428,440,446,104.91501760482788,124
3429,465,439,104.93966007232666,124
3430,499,426,104.9651472568512,124
3431,523,418,104.98023533821106,124
3432,537,413,104.9963858127594,124
3433,547,413,105.0137870311737,124
3434,554,406,105.03376913070679,124
3435,559,397,105.05630779266357,124
3436,562,382,105.07556629180908,124
3437,563,342,105.10979342460632,124
3438,560,319,105.1253113746643,124
3439,556,297,105.14124250411987,124
3440,538,259,105.1749804019928,124
3441,522,239,105.19857048988342,124
3442,506,225,105.21468997001648,124
3443,493,215,105.2302234172821,124
3444,480,206,105.24618029594421,124
3445,466,198,105.26296734809875,124
3446,455,193,105.2786762714386,124
3447,445,190,105.29429316520691,124
3448,438,188,105.31026268005371,124
3449,393,221,105.38985300064087,125
3450,391,225,105.40593791007996,125
3451,387,242,105.42172598838806,125
3452,381,257,105.43753242492676,125
3453,378,272,105.45384740829468,125
3454,376,293,105.46939206123352,125
3455,376,309,105.4858512878418,125
3456,382,335,105.50130438804626,125
3457,385,351,105.51784420013428,125
3458,387,361,105.53305768966675,125
3459,392,375,105.55072903633118,125
3460,400,390,105.56585478782654,125
3461,418,412,105.5930323600769,125
3462,431,421,105.61493563652039,125
3463,440,422,105.63068342208862,125
3464,452,424,105.64659714698792,125
3465,468,424,105.66277408599854,125
3466,486,423,105.67900705337524,125
3467,500,418,105.69488573074341,125
3468,512,410,105.7108952999115,125
3469,523,401,105.72790765762329,125
3470,528,395,105.74299907684326,125
3471,536,385,105.75919580459595,125
3472,543,370,105.77615547180176,125
3473,552,352,105.79140257835388,125
3474,558,335,105.8079822063446,125
3475,563,317,105.82319211959839,125
3476,567,301,105.84083867073059,125
3477,569,288,105.85722088813782,125
3478,567,271,105.87295603752136,125
3479,566,268,105.88820028305054,125
3480,559,256,105.90404438972473,125
3481,547,244,105.92651343345642,125
3482,535,235,105.95008492469788,125
3483,527,228,105.97010731697083,125
3484,516,224,105.98513889312744,125
3485,483,213,106.01415777206421,125
3486,467,209,106.03070402145386,125
3487,456,207,106.04922580718994,125
3488,435,205,106.08298540115356,125
3489,418,205,106.10748958587646,125
3490,398,209,106.12901139259338,125
3491,382,215,106.15372943878174,125
3492,369,221,106.17801022529602,125
3493,355,236,106.20995664596558,125
3494,349,244,106.2344331741333,125
3495,346,251,106.25652480125427,125
3496,346,255,106.27189874649048,125
3497,346,265,106.30601525306702,125
3498,361,396,106.3991060256958,126
3499,367,410,106.41698288917542,126
3500,375,424,106.45133662223816,126
3501,382,431,106.47590160369873,126
3502,398,439,106.49956727027893,126
3503,440,442,106.53095364570618,126
3504,473,438,106.55551886558533,126
3505,496,428,106.5790958404541,126
3506,512,419,106.59777283668518,126
3507,549,397,106.62237811088562,126
3508,568,386,106.63890075683594,126
3509,584,375,106.66016674041748,126
3510,599,357,106.68749260902405,126
3511,602,344,106.72709131240845,126
3512,603,338,106.75129675865173,126
3513,602,326,106.78313755989075,126
3514,597,315,106.80836844444275,126
3515,590,302,106.82904195785522,126
3516,585,295,106.8449547290802,126
3517,578,288,106.86093544960022,126
3518,571,281,106.87694096565247,126
3519,566,273,106.8929374217987,126
3520,559,265,106.90892219543457,126
3521,550,258,106.92598605155945,126
3522,542,250,106.94098663330078,126
3523,534,245,106.95814943313599,126
3524,522,240,106.98376512527466,126
3525,510,237,107.00770664215088,126
3526,498,237,107.03818798065186,126
3527,493,239,107.05371737480164,126
3528,482,241,107.06990671157837,126
3529,467,247,107.08566093444824,126
3530,451,252,107.10189127922058,126
3531,435,258,107.11794662475586,126
3532,420,264,107.13383364677429,126
3533,411,270,107.1497733592987,126
3534,405,273,107.16803288459778,126
3535,400,280,107.19287252426147,126
3536,394,300,107.21518468856812,126
3537,393,317,107.23021936416626,126
3538,393,331,107.24718618392944,126
3539,393,336,107.26220202445984,126
3540,393,339,107.27787590026855,126
3541,394,341,107.30199384689331,126
3542,417,393,107.40978169441223,127
3543,419,402,107.42588686943054,127
3544,430,420,107.45790886878967,127
3545,436,428,107.48178458213806,127
3546,445,435,107.50181412696838,127
3547,458,438,107.52021598815918,127
3548,493,441,107.55320453643799,127
3549,508,441,107.56915307044983,127
3550,525,435,107.59328174591064,127
3551,545,427,107.61754155158997,127
3552,558,419,107.63343691825867,127
3553,576,403,107.65146064758301,127
3554,582,395,107.66696238517761,127
3555,620,357,107.70159435272217,127
3556,630,341,107.72484612464905,127
3557,633,325,107.74615812301636,127
3558,626,309,107.77821087837219,127
3559,618,298,107.79578232765198,127
3560,601,283,107.8197295665741,127
3561,589,276,107.83596229553223,127
3562,563,263,107.85184574127197,127
3563,541,255,107.87014937400818,127
3564,518,247,107.88757824897766,127
3565,490,236,107.91563248634338,127
3566,478,230,107.93203139305115,127
3567,472,227,107.94803047180176,127
3568,465,225,107.97103476524353,127
3569,463,225,107.99571061134338,127
3570,462,225,108.02997303009033,127
3571,460,225,108.05150413513184,127
3572,453,226,108.07485127449036,127
3573,446,229,108.09065556526184,127
3574,438,231,108.10659623146057,127
3575,431,233,108.12545657157898,127
3576,424,237,108.149973154068,127
3577,418,240,108.17195558547974,127
3578,409,243,108.18785452842712,127
3579,393,250,108.20311284065247,127
3580,359,263,108.23342633247375,127
3581,346,269,108.25203943252563,127
3582,329,282,108.28270077705383,127
3583,376,423,108.41478204727173,128
3584,389,440,108.44493079185486,128
3585,394,445,108.46103930473328,128
3586,405,451,108.47705554962158,128
3587,419,458,108.4938097000122,128
3588,445,462,108.51802062988281,128
3589,464,462,108.54203057289124,128
3590,487,455,108.55947041511536,128
3591,512,444,108.58904457092285,128
3592,529,433,108.60622239112854,128
3593,542,422,108.62195253372192,128
3594,553,409,108.63734841346741,128
3595,562,392,108.65325140953064,128
3596,570,371,108.67085313796997,128
3597,577,345,108.6868531703949,128
3598,582,308,108.7169759273529,128
3599,581,298,108.73485493659973,128
3600,576,276,108.76622891426086,128
3601,572,261,108.79197883605957,128
3602,563,244,108.81217336654663,128
3603,556,234,108.82920098304749,128
3604,539,217,108.86284470558167,128
3605,530,214,108.87885355949402,128
3606,515,212,108.91185331344604,128
3607,486,214,108.9412317276001,128
3608,453,217,108.97456312179565,128
3609,428,215,109.0035150051117,128
3610,419,217,109.01859331130981,128
3611,415,221,109.03662729263306,128
3612,401,231,109.07185697555542,128
3613,392,240,109.08712387084961,128
3614,380,253,109.1141369342804,128
3615,373,265,109.12987065315247,128
3616,357,290,109.14624214172363,128
3617,353,296,109.1612982749939,128
3618,348,306,109.17718195915222,128
3619,346,316,109.19311904907227,128
3620,376,387,109.29053044319153,129
3621,389,402,109.30799508094788,129
3622,405,416,109.33798408508301,129
3623,415,425,109.35401439666748,129
3624,429,429,109.38002681732178,129
3625,446,431,109.40152978897095,129
3626,476,435,109.43299794197083,129
3627,502,431,109.46801781654358,129
3628,519,421,109.49145436286926,129
3629,542,401,109.5109121799469,129
3630,558,385,109.52966618537903,129
3631,579,357,109.5632426738739,129
3632,585,342,109.57923769950867,129
3633,591,307,109.61135649681091,129
3634,592,288,109.6330189704895,129
3635,588,270,109.66126656532288,129
3636,580,255,109.6858811378479,129
3637,573,247,109.70649743080139,129
3638,565,240,109.73376083374023,129
3639,556,235,109.75537467002869,129
3640,542,226,109.7814257144928,129
3641,528,218,109.80396032333374,129
3642,510,210,109.8293046951294,129
3643,499,206,109.84506702423096,129
3644,490,205,109.8610200881958,129
3645,480,205,109.87680745124817,129
3646,472,205,109.89296579360962,129
3647,461,208,109.90870070457458,129
3648,451,211,109.92448925971985,129
3649,437,217,109.94094491004944,129
3650,416,226,109.95695281028748,129
3651,394,231,109.97219371795654,129
3652,317,338,110.11179494857788,130
3653,319,372,110.13506269454956,130
3654,324,407,110.15903568267822,130
3655,333,433,110.18219947814941,130
3656,354,468,110.21398043632507,130
3657,369,483,110.22923541069031,130
3658,381,493,110.24617028236389,130
3659,398,503,110.26149082183838,130
3660,418,510,110.27743363380432,130
3661,445,521,110.29414820671082,130
3662,471,527,110.31215071678162,130
3663,504,530,110.33407139778137,130
3664,523,526,110.3594958782196,130
3665,541,516,110.3847770690918,130
3666,556,498,110.40803289413452,130
3667,569,485,110.42453861236572,130
3668,581,467,110.44100737571716,130
3669,597,427,110.4710009098053,130
3670,602,400,110.48800730705261,130
3671,609,365,110.50410890579224,130
3672,612,341,110.5199728012085,130
3673,613,320,110.53596568107605,130
3674,611,294,110.55893588066101,130
3675,601,271,110.58385467529297,130
3676,589,253,110.60987830162048,130
3677,578,239,110.63377285003662,130
3678,571,233,110.64890909194946,130
3679,561,227,110.66599941253662,130
3680,544,221,110.69602298736572,130
3681,519,221,110.72912883758545,130
3682,360,344,110.89180707931519,131
3683,360,366,110.90788674354553,131
3684,367,403,110.9376699924469,131
3685,371,412,110.95450925827026,131
3686,381,429,110.97829532623291,131
3687,401,449,111.00204229354858,131
3688,413,457,111.01994228363037,131
3689,435,463,111.03786849975586,131
3690,453,463,111.05500507354736,131
3691,480,454,111.08160066604614,131
3692,506,441,111.09768223762512,131
3693,528,427,111.11521816253662,131
3694,556,401,111.14093804359436,131
3695,573,374,111.1618320941925,131
3696,576,361,111.17920017242432,131
3697,576,337,111.2134861946106,131
3698,575,317,111.22878313064575,131
3699,574,302,111.2507438659668,131
3700,571,279,111.27617740631104,131
3701,567,260,111.30030488967896,131
3702,561,247,111.32497978210449,131
3703,550,233,111.35783171653748,131
3704,530,218,111.3880033493042,131
3705,440,208,111.47502851486206,132
3706,431,217,111.49981093406677,132
3707,424,225,111.51575970649719,132
3708,416,233,111.53303694725037,132
3709,399,247,111.56364250183105,132
3710,395,253,111.57931613922119,132
3711,387,265,111.59573984146118,132
3712,383,275,111.61254167556763,132
3713,380,287,111.62901258468628,132
3714,381,319,111.66115665435791,132
3715,387,340,111.67698240280151,132
3716,392,361,111.69200491905212,132
3717,405,387,111.70914149284363,132
3718,415,405,111.72470998764038,132
3719,426,418,111.74312210083008,132
3720,442,429,111.76722979545593,132
3721,470,436,111.79020404815674,132
3722,491,437,111.80811548233032,132
3723,526,428,111.83824348449707,132
3724,552,406,111.8702163696289,132
3725,562,390,111.88896822929382,132
3726,574,360,111.91328120231628,132
3727,579,331,111.936274766922,132
3728,579,311,111.95826268196106,132
3729,576,287,111.98490810394287,132
3730,570,267,112.00848627090454,132
3731,563,246,112.02594518661499,132
3732,558,237,112.04267001152039,132
3733,544,215,112.06318640708923,132
3734,532,204,112.08007264137268,132
3735,520,197,112.10372734069824,132
3736,514,195,112.11992335319519,132
3737,504,195,112.13581657409668,132
3738,491,195,112.152010679245,132
3739,468,198,112.1680588722229,132
3740,351,284,112.27393388748169,133
3741,350,305,112.29603099822998,133
3742,350,316,112.31314063072205,133
3743,350,334,112.32922267913818,133
3744,353,365,112.35104250907898,133
3745,360,398,112.37717199325562,133
3746,372,429,112.40903186798096,133
3747,389,443,112.43432402610779,133
3748,407,448,112.45884895324707,133
3749,423,449,112.47466659545898,133
3750,447,444,112.49240326881409,133
3751,468,441,112.5106213092804,133
3752,493,437,112.53165555000305,133
3753,525,427,112.54962849617004,133
3754,533,421,112.57014513015747,133
3755,542,402,112.59742975234985,133
3756,546,384,112.61311721801758,133
3757,551,366,112.63540601730347,133
3758,556,338,112.66047835350037,133
3759,557,312,112.68484830856323,133
3760,554,288,112.7084219455719,133
3761,545,260,112.72439384460449,133
3762,539,246,112.74261832237244,133
3763,531,231,112.76183414459229,133
3764,523,220,112.78830289840698,133
3765,517,212,112.80418872833252,133
3766,509,207,112.82025480270386,133
3767,501,203,112.83617281913757,133
3768,489,198,112.85298466682434,133
3769,470,194,112.86824083328247,133
3770,346,267,113.00578713417053,134
3771,338,284,113.02151846885681,134
3772,328,312,113.04397177696228,134
3773,325,331,113.0611503124237,134
3774,324,352,113.07890820503235,134
3775,326,380,113.10178518295288,134
3776,333,403,113.12397289276123,134
3777,338,413,113.13993430137634,134
3778,343,421,113.15644359588623,134
3779,353,430,113.17312359809875,134
3780,367,436,113.18928122520447,134
3781,398,442,113.21351456642151,134
3782,432,446,113.2371301651001,134
3783,451,446,113.25316596031189,134
3784,469,436,113.28527998924255,134
3785,476,428,113.3011486530304,134
3786,479,422,113.32651042938232,134
3787,489,409,113.34938883781433,134
3788,506,383,113.38400769233704,134
3789,512,367,113.40029573440552,134
3790,518,324,113.42702293395996,134
3791,523,298,113.44281077384949,134
3792,524,280,113.46202301979065,134
3793,524,268,113.47801065444946,134
3794,521,246,113.5112144947052,134
3795,515,231,113.53616142272949,134
3796,506,224,113.55878925323486,134
3797,491,220,113.58374619483948,134
3798,470,219,113.60370469093323,134
3799,311,304,113.75102043151855,135
3800,306,320,113.76907420158386,135
3801,304,367,113.7921211719513,135
3802,333,433,113.81735682487488,135
3803,362,472,113.84928250312805,135
3804,381,483,113.87534809112549,135
3805,413,485,113.89490675926208,135
3806,440,484,113.9121823310852,135
3807,485,473,113.94495749473572,135
3808,505,464,113.96065950393677,135
3809,540,445,113.990731716156,135
3810,555,434,114.00689196586609,135
3811,570,421,114.02473402023315,135
3812,581,405,114.04111051559448,135
3813,590,387,114.05701899528503,135
3814,601,350,114.08921527862549,135
3815,598,306,114.12095713615417,135
3816,583,268,114.15295004844666,135
3817,575,260,114.16895651817322,135
3818,559,244,114.20195364952087,135
3819,547,234,114.2264175415039,135
3820,528,225,114.25141644477844,135
3821,514,221,114.26749157905579,135
3822,492,217,114.29310965538025,135
3823,466,215,114.31534099578857,135
3824,439,215,114.33207941055298,135
3825,435,215,114.34963011741638,135
3826,422,219,114.37721180915833,135
3827,340,347,114.53278303146362,136
3828,349,381,114.55531120300293,136
3829,359,405,114.5714361667633,136
3830,373,421,114.588937997818,136
3831,382,430,114.60498332977295,136
3832,412,444,114.63595032691956,136
3833,431,447,114.65195870399475,136
3834,465,442,114.68474650382996,136
3835,474,432,114.70812773704529,136
3836,480,426,114.72862219810486,136
3837,483,422,114.74436855316162,136
3838,487,416,114.76060104370117,136
3839,491,408,114.77663898468018,136
3840,492,405,114.7916648387909,136
3841,497,388,114.81284761428833,136
3842,511,354,114.83985018730164,136
3843,515,341,114.85488629341125,136
3844,518,334,114.87148928642273,136
3845,518,328,114.88668441772461,136
3846,518,321,114.9031093120575,136
3847,520,315,114.91955208778381,136
3848,520,309,114.93639826774597,136
3849,520,302,114.95313501358032,136
3850,521,294,114.97342920303345,136
3851,520,280,114.99790096282959,136
3852,517,268,115.0135588645935,136
3853,513,258,115.02994465827942,136
3854,508,247,115.04593229293823,136
3855,501,240,115.06360697746277,136
3856,488,231,115.08622431755066,136
3857,471,226,115.10998010635376,136
3858,466,226,115.12589311599731,136
3859,464,228,115.14202880859375,136
3860,304,332,115.28079867362976,137
3861,304,342,115.29651308059692,137
3862,304,349,115.31211614608765,137
3863,315,374,115.33520245552063,137
3864,353,430,115.36649012565613,137
3865,379,456,115.38320875167847,137
3866,416,479,115.40884304046631,137
3867,441,486,115.42401385307312,137
3868,484,485,115.44803166389465,137
3869,520,470,115.4801971912384,137
3870,546,451,115.51201176643372,137
3871,563,440,115.52819156646729,137
3872,594,420,115.5581624507904,137
3873,608,406,115.57601356506348,137
3874,624,378,115.60149598121643,137
3875,636,350,115.62426137924194,137
3876,641,311,115.6583321094513,137
3877,638,297,115.67392182350159,137
3878,630,282,115.69242358207703,137
3879,623,271,115.7113389968872,137
3880,610,258,115.73891949653625,137
3881,576,241,115.76860570907593,137
3882,526,226,115.8050332069397,137
3883,496,221,115.83393383026123,137
3884,477,220,115.8502848148346,137
3885,368,264,116.00403618812561,138
3886,362,298,116.02587938308716,138
3887,362,313,116.04179239273071,138
3888,364,320,116.06218433380127,138
3889,369,335,116.0912401676178,138
3890,378,348,116.10639452934265,138
3891,392,365,116.12199449539185,138
3892,412,381,116.13778185844421,138
3893,432,395,116.15502262115479,138
3894,454,399,116.18078970909119,138
3895,462,399,116.20295429229736,138
3896,473,392,116.23298573493958,138
3897,485,383,116.24895358085632,138
3898,498,371,116.26522541046143,138
3899,508,355,116.28602528572083,138
3900,530,321,116.31843709945679,138
3901,541,287,116.34997057914734,138
3902,546,267,116.38001322746277,138
3903,547,259,116.39741539955139,138
3904,549,243,116.41639542579651,138
3905,549,229,116.44596314430237,138
3906,546,219,116.46823406219482,138
3907,542,211,116.4931116104126,138
3908,533,202,116.51637840270996,138
3909,524,194,116.54288649559021,138
3910,509,187,116.5744047164917,138
3911,482,183,116.5999641418457,138
3912,446,175,116.62115621566772,138
3913,425,175,116.63681745529175,138
3914,396,176,116.66310024261475,138
3915,315,299,116.82377862930298,139
3916,327,328,116.84402346611023,139
3917,340,346,116.86218905448914,139
3918,356,355,116.87900447845459,139
3919,375,364,116.89496922492981,139
3920,399,374,116.91118502616882,139
3921,449,396,116.93515586853027,139
3922,496,417,116.95951867103577,139
3923,533,423,116.98336577415466,139
3924,544,423,117.00085687637329,139
3925,550,420,117.02507877349854,139
3926,552,418,117.04193472862244,139
3927,557,408,117.0658028125763,139
3928,567,385,117.08763766288757,139
3929,574,366,117.1041374206543,139
3930,579,332,117.12999415397644,139
3931,583,304,117.15161395072937,139
3932,585,278,117.17981815338135,139
3933,585,270,117.19679498672485,139
3934,584,261,117.21357679367065,139
3935,581,253,117.23294496536255,139
3936,577,248,117.25787854194641,139
3937,573,244,117.28296279907227,139
3938,563,239,117.29809474945068,139
3939,541,238,117.3280439376831,139
3940,492,239,117.35800576210022,139
3941,472,241,117.37449145317078,139
3942,456,242,117.40148830413818,139
3943,447,244,117.42580270767212,139
3944,440,244,117.44234156608582,139
3945,305,319,117.58584499359131,140
3946,305,327,117.60096788406372,140
3947,305,344,117.6169536113739,140
3948,310,358,117.6328444480896,140
3949,323,372,117.64887976646423,140
3950,341,387,117.66457104682922,140
3951,364,402,117.6819498538971,140
3952,389,418,117.69811797142029,140
3953,430,430,117.72497963905334,140
3954,460,430,117.74718260765076,140
3955,481,422,117.77901577949524,140
3956,492,413,117.79650616645813,140
3957,537,375,117.83302235603333,140
3958,574,336,117.85923957824707,140
3959,592,319,117.87531852722168,140
3960,607,300,117.8913357257843,140
3961,619,284,117.90656280517578,140
3962,630,266,117.93455004692078,140
3963,631,257,117.95057702064514,140
3964,631,250,117.96666693687439,140
3965,629,244,117.98621034622192,140
3966,622,235,118.00413584709167,140
3967,399,245,118.22280025482178,141
3968,388,273,118.2448661327362,141
3969,382,290,118.26070547103882,141
3970,380,311,118.27671146392822,141
3971,380,336,118.29286122322083,141
3972,386,367,118.30999875068665,141
3973,398,404,118.3330328464508,141
3974,416,427,118.35898804664612,141
3975,426,436,118.3823893070221,141
3976,436,440,118.39931511878967,141
3977,469,443,118.42296385765076,141
3978,505,444,118.438312292099,141
3979,540,439,118.47193884849548,141
3980,554,429,118.49415969848633,141
3981,567,413,118.5191478729248,141
3982,580,396,118.53496813774109,141
3983,592,376,118.55069899559021,141
3984,598,344,118.58224105834961,141
3985,595,321,118.60874700546265,141
3986,588,299,118.6247034072876,141
3987,569,271,118.64374113082886,141
3988,552,249,118.66105127334595,141
3989,529,234,118.67914867401123,141
3990,517,226,118.69512414932251,141
3991,411,226,118.8499014377594,142
3992,390,240,118.87203168869019,142
3993,375,251,118.88799548149109,142
3994,362,264,118.90401577949524,142
3995,352,277,118.91967368125916,142
3996,349,286,118.93685460090637,142
3997,344,297,118.9528558254242,142
3998,345,322,118.98484873771667,142
3999,355,355,119.01635909080505,142
